accession,Name ,,,Protein Sequence ,,Donor IUPAC,Donor SMILES,Category,Acceptor IUPAC,Acceptor SMILES,,,,,
BGC0000084,COND0000084-ladG-00,Condensation_Starter,22..234,CEIEGDVDRALLAEALRILTEFHPVLLGRFVPGGDGEESCVVQDGDPRTQRVDIEEFTDLQHELQVVQDWLAGPLLRVAVSEGGPRTTVALSMPRAVVDGSAYIALYKRLWSIYTDLSLGRSVPAHLIAGGLASPSLDTRTQEGFTEEELTGFLASRAAEREAVPSVLPARGREPGTFGVVRLELDERRTRRFVDHAHAAGLSVHSLICGVLL,,,,,,,,,,,
BGC0000126,COND0000126-pldC-00,Condensation_Starter,5..238,VRGDTNEQLLQRAFASSVAAHPSLRSRISPDGTELVLHPLDDGPPELVVRRAGSWDLDREMRSRLDRCGPLVRATLLRGAAEDTFILHVDHRICDGRSVVALLSAVWRTYAALGEGPMASSAHVADSYPAPIETRLGHHPEADVLAYAARRAEQAKRLPPVLLPYLGDPGVEAPEQGEIHVRTLRLTSDETTRLAGSARAAGISVQGLVAAALLIAVRRALEATDAPLSLALAS,,acetyl CoA,CC(O)=O,SCFA,,,,,,,
BGC0000141,COND0000141-rubF3-00,Condensation_Starter,25..244,VRGGVDAGILDAAFTAVLAEAPGLRSRLEKDGDDYYLSLLEPSELPRLHVRRNEPGARLEEYNKPLHLGGPLARAVLLTGTDEDVVMFGVDHAISDGRSATAFCNRIWQRYIDIQSGGYSAPKPQQQQWPAPLEDWLPPRSDAELDAYVQERLERAEGAPVASLPFRAAGSLPPVPAESLMTSRRLRLTESQTTGLLAFAKHTGVSVNGLVAAALLAAVR,,,,,,,,,,,
BGC0000291,COND0000291-lptA-00,Condensation_Starter,9..316,AATSAQTGIWTAQRLRGDDRLYACGLFLELDHVVEEVLSEAIRRAVADTEALRTAFREDADGALEQHVLARPPSTQTRLFHADPSGGTPSRSASLDWMDRQRAQPWDLASGDTCRHTLIPLGGDRSLLHLRYHHLALDGYGAALYLDRLAAVYRALRTGHQPPPCAFAPLARLVEEDHAYRNSARHRADANHWRDRFADLPRPTSLADATTPAAPTTPATPAAPAAPDELRRTVRLSAARSAALRRASDRSGRPWPVYATAAVAAFLSRLAPGEEVVVGLPVTARVTPAAVRTPGMLANVVPLRLPVR,,,,,,,,,,,
BGC0000296,COND0000296-acmB-00,Condensation_Starter,6..302,AELPLTAAQREIWIAEQRLGKRNRVFRVGEYLEIHGRVDLGLFDRAVRLVVGEAQALHVRFTEAHGEVRQALRPPTDWAPTLVDLSAEPDPERAARAWLAAAVARPMDLAREHLFDHALLRLGDDRCYWYQGYHHIVMDAFGTVLITRRTAEVYTALAEGRPVSPSPFGSLDGFLAADQKYRDSEGFTGDRAYWTERFADRPEPTGIVARPSTTPDHYLRRTAALTPGELDGLREAARGARAPWSHLVIAAVAVYLHRMTGATDVVLGLPVTARLDQLQRRTPGTASNVLPLRLTVR,,4-methyl-3-hydroxyanthranilic acid,NC1=C(O)C(C)=CC=C1C(O)=O,AR,,,,,,,
BGC0000305,COND0000305-arfA-00,Condensation_Starter,16..315,QTYPLTAAQLDIWLDQLSRGDSPLYNIGGYLDLSGPLDPARMQAALEALVARHDALRTILLPGAGADGLPLQQFARSVAVPMPIDDVSAHSDPESAARALVQARIDQPFVLDGGCLLRFLLIRLNDQRHWLSVQAHHLIVDGWGFGEMFKSLDEIYNALAHGQPTPVAAPSYIDFIEANARYQASPRYAQDRAYWLDKYRQLPEPLLLPRHQQSLAGQTAQTQVYAQPLPALLHERMQQVARAFGASAFHVLLAALHVYFSRTAQRDEWVVGLPILNRSGARFKSTLGLFAQVSAVRMGF,,(S)-3-hydroxydecanoic acid,CCCCCCC[C@@H](CC(O)=O)O,LCFA,,,,,,,
BGC0000306,COND0000306-SSIG_07966-00,Condensation_Starter,6..300,RQLALTSAQTGMWLAQRFAADRLDYSIAQYVEIRGPLDTGLFVRAARRAFDEADAVRVRFVETQDGPVQLLAPDRACAVPVLDFTDRSRPEEAARRWMADELDRPLSLEEGRVLSLALLKVSEETHYWYLRGHHAVLDGYSGSVLVRRAADVHRALVAGDPVPECPYGTIEDLLSHDRDYRESPAFAADRAYWAETLTGHRSPASFGHSGRGRTPGRIRVSAPLEPELIDALRGVAASCGVSLPALFVAVELLHVARLTGERDIVLGLPVTARTKAVRATPGMVSNVVPLRLTVA,,palmitic acid,CCCCCCCCCCCCCCCC(O)=O,LCFA,,,,,,,
BGC0000309,COND0000309-BSU_31960-00,Condensation_Starter,7..301,QYSLTGAQTGIWFAQQLDPDNPIYNTAEYIEINGPVNIALFEEALRHVIKEAESLHVRFGENMDGPWQMINPSPDVQLHVIDVSSEPDPEKTALNWMKADLAKPVDLGYAPLFNEALFIAGPDRFFWYQRIHHIAIDGFGFSLIAQRVASTYTALIKGQTAKSRSFGSLQAILEEDTDYRGSEQYEKDRQFWLDRFADAPEVVSLADRAPRTSNSFLRHTAYLPPSDVNALKEAARYFSGSWHEVMIAVSAVYVHRMTGSEDVVLGLPMMGRIGSASLNVPAMVMNLLPLRLTVS,,"2,3-dihydroxybenzoic acid",OC(C1=CC=CC(O)=C1O)=O,AR,,,O=C(O)C1=C(O)C(O)=CC=C1,,,,
BGC0000315,COND0000315-SCO3230-00,Condensation_Starter,7..318,RHGLTSAQHEVWLAQQLDPRGAHYRTGSCLEIDGPLDHAVLSRALRLTVAGTETLCSRFLTDEEGRPYRAYCPPAPEGSAAVEDPDGVPYTPVLLRHIDLSGHEDPEGEAQRWMDRDRATPLPLDRPGLSSHALFTLGGGRHLYYLGVHHIVIDGTSMALFYERLAEVYRALRDGRAVPAAAFGDTDRMVAGEEAYRASARYERDRAYWTGLFTDRPEPVSLTGRGGGRALAPTVRSLGLPPERTEVLGRAAEATGAHWARVVIAGVAAFLHRTTGARDVVVSVPVTGRYGANARITPGMVSNRLPLRLAVR,,3-propyloxirane-2-carboxylic acid,OC(C1OC1CCC)=O,SCFA,,,,,,,
BGC0000323,COND0000323-AHZ34232.1-00,Condensation_Starter,5..305,VFPLTAAQRDVWLDQISRGDSPLYNIGGYLNLTGPLDPVTYQRALEHMVASHEGMRTVLLPGASADGLPLQTYAESMPVPMPLHDLSDQPDPVSVAHALTLEYMQRPCMLDGSPLFRFCLVRLGEDHHWMICVVHHLIIDGWGFGQMIKSLGEHYTALTEGSRLDFKGPDYRDFIQEDARYHESPRYERDKAYWLEKYSNLPEPLLVSRYHNRRATDPAPSHTWVQNFPEALHTRMKQFAESNGSTAFHVLLAALHVYFTRTAQREDWVVGLPLLNRIGARFKATMGHFAQVSAVCMTFDG,,3-hydroxydodecanoic acid,OC(CC(CCCCCCCCC)O)=O,LCFA,,,,,,,
BGC0000323,COND0000323-AHZ34232.1-00,Condensation_Starter,5..305,VFPLTAAQRDVWLDQISRGDSPLYNIGGYLNLTGPLDPVTYQRALEHMVASHEGMRTVLLPGASADGLPLQTYAESMPVPMPLHDLSDQPDPVSVAHALTLEYMQRPCMLDGSPLFRFCLVRLGEDHHWMICVVHHLIIDGWGFGQMIKSLGEHYTALTEGSRLDFKGPDYRDFIQEDARYHESPRYERDKAYWLEKYSNLPEPLLVSRYHNRRATDPAPSHTWVQNFPEALHTRMKQFAESNGSTAFHVLLAALHVYFTRTAQREDWVVGLPLLNRIGARFKATMGHFAQVSAVCMTFDG,,3-hydroxydecanoic acid,OC(CC(CCCCCCC)O)=O,LCFA,,,,,,,
BGC0000336,COND0000336-dptA-00,Condensation_Starter,5..299,QRLGVTAAQQSVWLAGQLADDHRLYHCAAYLSLTGSIDPRTLGTAVRRTLDETEALRTRFVPQDGELLQILEPGAGQLLLEADFSGDPDPERAAHDWMHAALAAPVRLDRAGTATHALLTLGPSRHLLYFGYHHIALDGYGALLHLRRLAHVYTALSNGDDPGPCPFGPLAGVLTEEAAYRDSDNHRRDGEFWTRSLAGADEAPGLSEREAGALAVPLRRTVELSGERTEKLAASAAATGARWSSLLVAATAAFVRRHAAADDTVIGLPVTARLTGPALRTPCMLANDVPLRLDA,,decanoic acid,CCCCCCCCCC(O)=O,LCFA,,,,,,,
BGC0000339,COND0000339-ecm6-00,Condensation_Starter,5..312,VTSAQEAMWLAQEFSPEVPNNVATLWDIDGDLDTALLADALRAAVAEADALKVNFRRDDDVLRPVVRDLSEWEPFRLDVGDAADPADAARAVVADLVRRPFDLAEDALLRTGSIRLGPGRHLLVLVFHHILTDAFGVLTLLSGRIAEIYRALRAGSGVPAGAPNPPQDAADKDAAYRTSKRFADAERFWPDYLAGDLPAARLPAGVRPPAGAAGGEPGYWDGLTEPQGMFTRTTTVPAAELADWERASRATGTSVPDLIASAATAFLGHMCGLAEPLLTITVNHRVGALRRSLGLLSNRVPLGSRVDP,,quinoxaline-2-carboxylic acid,OC(C1=NC2=CC=CC=C2N=C1)=O,AR,,,,,,,
BGC0000341,COND0000341-endA-00,Condensation_Starter,7..300,RLTSGQLGVWYAQQLEPLSPVYNIAEYVEIRGDVDVGLLVSALRSALDEAQTYRLRFRQEDAGPGQYVDDSLELPVHVADLGSAGDPRAAAVEWMTADLDRPADPLTGPLAAHAVFRLGPGHVLWYQRAHHLVLDGTSLSVFAARVADLYTASASGRPPAGGAPGPLSVLLDADRSYLRSEEYARDRRFWREYLADLPGQGAARGDRTRSLPGRPLLHTHPNDASAATELREAARRLRTSPAVLSLTAAALYRHRTTGTRDVVLGVPVTGRTTGRELGIPGMTSNVVPLRLSLD,,"(2E,4E)-10-methyldodeca-2,4-dienoic acid",CCC(CCCC/C=C/C=C/C(O)=O)C,LCFA,,,,,,,
BGC0000343,COND0000343-ACY02015.1-00,Condensation_Starter,3..291,LGVAQLGLWHGYVLNEDRAMFNTAECIAFAGKIQPAQLIAALRQAVSECEALSGHFVVDGEQVLFNPVELPLSVAQLHIPTGVDAQAWVQQWGMTDIRQAFDLERERPGRFTLLQGEQVDFLYGCIHHIALDGYGSNLLYQRVADLYGAALRGEPAAPCEFGDYAAVLAEDAERESQGRTATAQDYWREQLGALPEAVSFSERVAPISATFLRHSAVLPPGLWQALNQLAEANKIGWPDLLLAALSAQLRQVSGSAAQVLGLMVMNRMGSASFNVPCMQMNIAPLCLDL,,"2,3-dihydroxybenzoate",OC(C1=CC=CC(O)=C1O)=O,AR,,,,,,,
BGC0000346,COND0000346-epxD-00,Condensation_Starter,8..302,QARPLTAAQRGIWYAHSSDPTNPAYYIALYVDVPGPVDRAVFERALRQAVAEAEGLRVCFPQRDDEPSQVVTTPDWSLPVIDFTAEVEPWSAARAWLHARLDQPFDLAAGPLFDFALLVLSADRVLWYARYHHLVIDGVGINLFTRRVCAIYTALVSDTPVPPNPFGSFGDYLDEEARFSSSEEFVAARRSWEKRFADAPLPVRLADGAGDLARDVLRRTTELTPDQVDRLRTAAARAGTRWFGLVVAAVAAYLGRMRGADEVILSLAVTGRASELATTVPTMASNVVPVRLPVR,,acetyl CoA,CC(O)=O,SCFA,,,,,,,
BGC0000349,COND0000349-SACE_3035-00,Condensation_Starter,5..283,LALTAAQDGIWLSQQIDPETSAYNIAWYHEIRGELEVDRMTEAVGRAVREAECLHVRFRDAGGGPEQIAHPASGWRLPVHDLRAEADPLGTAEEWMRADLSRPADLGGGPLFTHALLRVGDRHFLWYQRYHHLVMDAYGFSVLSRRVGELYRGEGAAREWPVAALVESDARYRASDSWAADREHWLARMADRPDPARLVTAAGTPSRTSVELPEDRVAALCGSGHRLSRLAIAAVAAYTHRLTGETDVVLGLPVTARTAEHRDVPGMVSNVLPLRLRVR,,,,,,,,,,,
BGC0000350,COND0000350-ETU_000009-00,Condensation_Starter,718..1000,SSIYYNYLVQKENSIYEIFRIIKISKSINIKLLEKSIHILLNMYPTLKSRFIVKNTGIVYQEYPVELSFSSIFRKINCKDIDLKETCNIFLKERFNMEKGPLFNIIHINNIKLDYNILIFKIHHIIADFWSIIIIYQNIENIYNNLLKNNSIKNIKIYETFQDVQNKKYKKYIQSNQFIEDNLFWKRYLSKYNLLENTNNIKRKNIQSFQFNLNFNFYNNLLIFSKKKKITPYTILLIIYQITYYRIYKRDYFITGTPVALRDDYLLRNYIGYCVNILPIVSD,,,,,,,,,,,
BGC0000354,COND0000354-pstB-00,Condensation_Starter,7..300,RRPVSAAQLGIWVAQQVLPDSPLYNCGCYYEIGAADPVLLDRAVRHAVAETEALRSRFETIDDELWQLVGPAEPEPLEVVDLSAEADPQEAAQSWMRAAMAGVRPLGRGPLSRQAVLLLGADRRLWFHGYHHAVLDGFGQSVYASRVAEVYAALAAGQAPPPRVFTTLDEVHADAAVDPSTRRYAADRDYWLNTFADRPEPAGLAGRSAGAVPTQLRRIRALTPETATRFAAAAGAVGSTWPAAVIAAVAAYYHRLTGREDIVFALPLAGRRGRTSLTTPGALVNVLPIRLTVS,,(Z)-11-methyldodec-3-enoic acid,OC(C/C=C\CCCCCCC(C)C)=O,LCFA,,,,,,,
BGC0000354,COND0000354-pstB-00,Condensation_Starter,7..300,RRPVSAAQLGIWVAQQVLPDSPLYNCGCYYEIGAADPVLLDRAVRHAVAETEALRSRFETIDDELWQLVGPAEPEPLEVVDLSAEADPQEAAQSWMRAAMAGVRPLGRGPLSRQAVLLLGADRRLWFHGYHHAVLDGFGQSVYASRVAEVYAALAAGQAPPPRVFTTLDEVHADAAVDPSTRRYAADRDYWLNTFADRPEPAGLAGRSAGAVPTQLRRIRALTPETATRFAAAAGAVGSTWPAAVIAAVAAYYHRLTGREDIVFALPLAGRRGRTSLTTPGALVNVLPIRLTVS,,(E)-12-methyltridec-3-enoic acid,OC(C/C=C/CCCCCCCC(C)C)=O,LCFA,,,,,,,
BGC0000354,COND0000354-pstB-00,Condensation_Starter,7..300,RRPVSAAQLGIWVAQQVLPDSPLYNCGCYYEIGAADPVLLDRAVRHAVAETEALRSRFETIDDELWQLVGPAEPEPLEVVDLSAEADPQEAAQSWMRAAMAGVRPLGRGPLSRQAVLLLGADRRLWFHGYHHAVLDGFGQSVYASRVAEVYAALAAGQAPPPRVFTTLDEVHADAAVDPSTRRYAADRDYWLNTFADRPEPAGLAGRSAGAVPTQLRRIRALTPETATRFAAAAGAVGSTWPAAVIAAVAAYYHRLTGREDIVFALPLAGRRGRTSLTTPGALVNVLPIRLTVS,,(E)-10-methyldodec-3-enoic acid,CCC(CCCCC/C=C/CC(O)=O)C,LCFA,,,,,,,
BGC0000354,COND0000354-pstB-00,Condensation_Starter,7..300,RRPVSAAQLGIWVAQQVLPDSPLYNCGCYYEIGAADPVLLDRAVRHAVAETEALRSRFETIDDELWQLVGPAEPEPLEVVDLSAEADPQEAAQSWMRAAMAGVRPLGRGPLSRQAVLLLGADRRLWFHGYHHAVLDGFGQSVYASRVAEVYAALAAGQAPPPRVFTTLDEVHADAAVDPSTRRYAADRDYWLNTFADRPEPAGLAGRSAGAVPTQLRRIRALTPETATRFAAAAGAVGSTWPAAVIAAVAAYYHRLTGREDIVFALPLAGRRGRTSLTTPGALVNVLPIRLTVS,,(Z)-12-methyltetradec-3-enoic acid,CCC(CCCCCCC/C=C\CC(O)=O)C,LCFA,,,,,,,
BGC0000359,COND0000359-Tfu_1867-00,Condensation_Starter,6..303,TRLPLTDAQAGVWYAQQIVPDSPVFNVGQYTDIPADLDVDRFIRAVESVVRDSETLRSRPVARGDTAVQEIRADGAGVVEVHDLTAEADPRHAAAAWMRRDMAHPVRFDTDEPLVRYALLRVGERRWYWYQRYHHILVDAYAVTLLARRVADVYTALGRGQEPPPSRFGSLADIVADETAYAASEQCAADRAYWTGLLGDGYPTALLSSRPQAPYAGVLRARADVAADVLTGLTELGERTGATWADTVIASSAAYLSRMTGHRDVVLGIPVMGRLGRAALRTPAMVVNVLPLRVHVRP,,"2,3-dihydroxybenzoic acid",OC(C1=CC=CC(O)=C1O)=O,AR,,,,,,,
BGC0000362,COND0000362-pstA-00,Condensation_Starter,5..301,RAFPLTRGQLDIWLSQEAGFAGTQWQLGLLVKIDGKVHRDALEQAITQAVAEAEPGRVSFFEVDGQVVQKPIDYPHVELAFHDLTDHADPVAEAREMSSAIQRTPMPLNGQMFKFVLFQTGHDEFYLFGCCHHIAIDGLGMALVCRRVATIYSAMVAGKPIPDAYFGTVQDLIDLESGYEASPDYAEDKAYWSEHLPPESGPVDRLPDAEGERDHYSPSASVQLDPSVANRIKELSKKLAIRRFSVTTAACALLVRGWSGSGSEVALDFPVSRRVRPESKTLPAMLAGVVPLVLSTA,,3-hydroxydotriacontanoic acid,CCCCCCCCCCCCCCCCCCCCCCCCCCCCCC(O)CC(O)=O,LCFA,,,,,,,
BGC0000363,COND0000363-mps1-00,Condensation_Starter,7..301,ALPLSRGQLDIWLSQESGLVGAEWQLGLLVRIEGKVERVLLEQAVRQAINEAEPARAAFLEVNGQIVQRAIDHSELVLDFHDVRDSEDPVEHARQIASSIQRTLMPLTDQLLKFALIRTADDQYYMFGLCHHINLDGLGMAIVSRRIASIYSALVAGDPVPDAYFGTLQDLVDLEAEYEASTDYTEDREYWSRNLPPDSGLDPRPPHAHEGHEGYTPTASVQIDDTVVGEIKDLTKALRVRRYSVITAACALLVRGWSTSGSEVALDFPVSRRVRPESKTLPGMLAGVVPLVLSA,,,,,,,,,,,
BGC0000364,COND0000364-mps1-00,Condensation_Starter,6..301,RALPLSRGQLDIWLSQETGLVGAEWQLGLLVRIEGQVERVLLERAIRQAVTEAEPARAAFFEVDGQIVQRPIDHSDLELAFEDLRDSDDPAGLARKKATDIQRTLMPLTGQLLKFALYRTADDEFHLFGLCHHINLDGLGMAVVSRRVASIYTALATGEPIPPAYFGTLQDLVDWETDYVASAEYAEDREYWSNNLPPDSGLDYRMPHASEESDGYKPSDSVQMDDVTVSEIKELTKVLRIRRYSVITAACALLVRGWSTSGSEVALDFPVSRRVHPDSRTLPGMMAGVVPLVLNA,,,,,,,,,,,
BGC0000365,COND0000365-mps1-00,Condensation_Starter,6..300,ALPLSRGQLDIWLSHESGLAGAEWQLGLLGKIDGVVDHGLLQQAIRQALQEAEPARATFFEADGQVFQKPLDYSELEVPLYDVRDADDPEAKAREMAAEIQHTPLPLTGRLVKFALFQTRDEQFYLFGLGHHISVDGLGMALVSRRISTIYTSLVTGKPVPEAYFGSLRDLVECEMSYESSADYQDDLAYWSENLPPDTGLDQGLAPTPHGKNAYTPSASVPMDPAIVGRIKELSKTLRIRRYSVTTAACALLAQSWSSTGDQVALDFPVSRRVSPESKTLPAMLAGVAPLVLDA,,,,,,,,,,,
BGC0000365,COND0000365-papA3-00,Condensation_Starter,135..401,SCEVPGQCDISAMDHAVNSYLRRHDTFRSWFEDAGDGKFIRHSIENPDDIEFVPVEHGAMSIDEIHAHVTDIPTPLEWACFTFGVIQSEDHFTFFAAMDHVHGDATLIGTTMLEANGMYSALSGGGEALVLPEAGSFDDFCIRERERTADLTVDSPEVRAWIEFAEDNNGGFPEFPLPLGNPKKSTSSDMTSEILLDPAQTERFESACNAAGARFVGGLFACLAQVEHELTGALTYYGLTPRDSRNATDNFMTQGWFTGLIPITVPI,,,,,,,,,,,
BGC0000368,COND0000368-griE-00,Condensation_Starter,22..317,GLPLLTAQSGIYYAHQLAPLGTEFNTADCVEIDGPLDADLFVAALGRAVGEAETLALRVTETGGVPVQRIAPAAEPVVARLEMTEADAEAWMREDLARPVDLAAEGSLMTQALIRVGEGRHRWYQRVHHIAVDAYALSLIGQRVAELYRALVAEEPLPESRFAPLSELTEQEGSYLAGEEYAADRAFWSARMAGSAVAAPRRSPAAALAGEAADGGGPHRTTDLPAETLERLSSAARAAKATWAELVVAATAGHLHRLTGAEDVVLGLPLSNRRGPSALRTPAMTVNVLPLRIAVR,,,,,,,,,,,
BGC0000369,COND0000369-hasV-00,Condensation_Starter,3..297,ILPLSINQREIYIDQRMWAEGFHLNIGATVIVYGTFKREVFNYAMNKIIDCYPGLRTRIYEVEGKPLQTIANHENANIPLIDFSIRENSKEQAEEYINQEFKKPFSFGENASLVDFQLIRVREDYHIIFAKYHHAITDGWGTAIFFREVIKTYNQIIHDGKDNQIERDWVIAEYIDDEAAYLESKNFQRDRNYWQQRLSDISPNIFTSIKQQELHGQRQSIYISREQYNRVSQLCQNIQSNVFHFILSLISIYLTKRYSKKDLVVGLSLLNRNKKSFKDAIGLFVSTIPFRVDVN,,"2,3-dihydroxyhexadecanoic acid",CCCCCCCCCCCCCC(O)C(O)C(O)=O,LCFA,,,,,,,
BGC0000371,COND0000371-RER_27010-00,Condensation_Starter,22..323,ATFALTGAQLGIWNAQRLDPESRSYLVGEVLEISGDEPIDTELLTAAITATIGEAETMRLRMIETADGPRQYISDEPVGVIPITDVRDERDPVAVAHALVDAERSRASEYCRLMVERPLYTYSLIRLSDREIWCIQLYHHLIVDGYSAAMISRRVAAHYTAAKKGTDVAPTRFGSMSALVAEDEAYRAGNQFVEDRDYWRDVLTPLPALDGRGQRVTGPAERTIQVREVITADALNRLKEVADATGTTWAEALIACYGAFLHRLLGETDVVIAMPLMARVGRTALKTPAMAVNVLPLRLTIR,,"2,3-dihydroxybenzoate",OC(C1=CC=CC(O)=C1O)=O,AR,,,,,,,
BGC0000374,COND0000374-AEH41793.1-00,Condensation_Starter,8..313,SRPLSAAQSGMWFAQQLAPESAAYSGAQCVEIHGPVDLTRFETAVRRTVAEADTLHARVTDGAEGPRQTLDREIADRCGVTFVDLTGAADPEAAARAWMHAELNQPHAPAADDAPGRDPRDPLMCEALLRLAPDRHFWYQRIHHVLVDGYGFALLTRRVAEIYTALGRTDGEDQPSPFGTLAELLAADRHYRASEGFARDRAYWTERLADCPRPAQLSGADAPVSSGFLRATTLLPPEYVDRFTELVSGAGLSWSDAIVAAAAVYTQALTGADDLTLGIPVAARVTADERDTPGMVSNVLPLRVSL,,5-chloro-1-hydroxy-1H-pyrrole-2-carboxylic acid,ClC(N1O)=CC=C1C(O)=O,AR,BP,,,,,,
BGC0000379,COND0000379-lpmB-00,Condensation_Starter,7..309,RRPVAAAQLGIWVAQQLQPDSPLYNCGSYVEIDGPIDTGILQEAVRRAVDETEALRSSFVEETDPDSGDPTLWQIVGPAEPEPLELLDLRAAPDPEAAAHRWMDEEMTKLFDLTRGPLSAQVLLLLADDRSFYFHRYHHVALDAFGQAVYGTRVAALYTALLAGDQPPAPAFASLDRVVAEESSYPGSRRQSQDRAHWLDLFADGVPEPVALADRSAAGPTHSSLRHIQGLPPALGTRLTALAERLKIQWPALAIAATAVFYHRMTGRTDLTFTLPLAGRSSRVSLTTPSAMVNILPIRVTTT,,(E)-13-methyltetradec-2-enoic acid,OC(/C=C/CCCCCCCCCC(C)C)=O,LCFA,,,,,,,
BGC0000381,COND0000381-BLi00401-00,Condensation_Starter,3..301,TFYPLTHAQRRIWYTEKFYPGTSVSNLSGFGKLKSASGIDSGLLTEAIRKFVRTNDTMRFRLMFEGEDEPKQYIAEDEPFQIEYFDASESGGADGVLKWGQAEARRPLPLYDSPLFKFAVVRISEEESWFFAKVHHIISDGISMTILGNRITDIYLKLAKGETDLEPVQSSFTEHIQSELEYENSKRFQKDKAYWNAQYEAIPEPVSLKASDTYQIQLDAARFSKEISPDLYKKIQTYCNEHNISVLSLFLSILHIYMHRVTGQKDVVLGTFMGNRTNAKEKQMLGMFVSTIPMKASIE,,,,,,,,,,,
BGC0000383,COND0000383-plu1878-00,Condensation_Starter,7..306,YYPLTAAQQEIWLAEQLNVSTGIYNTGCYIDISGAIDIETLNTALSQLIDEAECLRVVVVQHPQGPQQQIVTNLQWKCPLIDLSHHEDALIEAETWMNAELVRPMALTLGPLFGLALLKISDEHYFLFIRVHHLASDAFGTTLLIQRLAELYTQKLTGAAELENPFGPLSDLLAFDEEYRRSENFQHDRQWWSQYMVGRSEPQSLAVGAKPGQFADLGSFSCTPCEIPAKVKDILRTLSEESGSSMAQIIIAIVASWISRMTDKQDITLGMPVTARSGRALRSIPGMISNVLPLRLTIDP,,"(2E,4E)-dodeca-2,4-dienoic acid",CCCCCCC/C=C/C=C/C(O)=O,LCFA,,,,,,,
BGC0000391,COND0000391-AFO85453.1-00,Condensation_Starter,19..183,PLTSAQNAVLESWRAARHAPQVCAVGEYVDIRGPLDPTLFTTAFRRAAEETDALRLGFAEIDGEIRQRLTTSPTPAFRRIDLTHLADPWEEVHGLLARERLLPRLPAAPHEVYDHALVRLAPDRLLWVHHAHPLALDRTGLAALRSRVAAYYTDLAGGPPADATR,,,,,,,,,,,
BGC0000392,COND0000392-Amir_2719-00,Condensation_Starter,15..320,LELTGAQLGVFNAQRLEPDSPHYVVGDVVEVRGGGPVDAGLLARAVRATTGEAESLRLRVFDTPDGPRQVVSAEPVPLPPVVDLSGEADPVAAAHALVEAERARAAEHCRGMVDRALCSRVVIRLSDREVWYTQLGHHLVFDGYTAAMLARRTAAHYTALVRGTAVAKCPFGRFADLVAADLAYRASPQAAADRAYWVERFTPLPEVGSLAEPGVSGAPTRTVTARTVLPASAVARLKEVAEGCAKDSGGATWGDALIACYAAYLHRVLGQGEAVFALPLMCRTGSAALRTPAMAVNVLPLRVPVR,,"2,3-dihydroxybenzoate",OC(C1=CC=CC(O)=C1O)=O,AR,,,,,,,
BGC0000398,COND0000398-ofaA-00,Condensation_Starter,9..306,GLPLTAGQRDIWLDQLSRGDSPLYNIGGYAELRGPFRPELMQRTVELVVARHDVLRTVLSLEGSQDGLPLQYFDRHGSVELAFHDFSDETDPLAVARQHVQRQMQQAFPLEGQRLCRFSLLRLGPEHHLVEVEAHHLILDGWGFAQLSQALGEVYGALLRGEEPEATAPCFSDFIEDDARYRQSSRYQRDRDYWLDLYRTLPEPLLRPRYRPSPDAPPGESLVQAFPAVLHERMKSLGQELGGSAFHVLLAALHVYFTRVGQRAEWVLGMPVLNRPNAAFKATLGSFTQVSAVRMDFP,,3-hydroxytetradecanoic acid,CCCCCCCCCCCC(CC(O)=O)O,LCFA,,,,,,,
BGC0000399,COND0000399-PFL_2145-00,Condensation_Starter,8..307,RGLPLTAGQRDIWLDQLSRGDSPLYNIGGYAVLKGPFRPELMQRTVELLVDKHDVLRTVLSLEGSVDGLPLQHFDRQWPVELVFHDLSAAADPLAAAQAQIRRQMQQAFKLDGERLCRFSLFRVGPEHHLMEVEAHHLILDGWGFAQLSQSLGGLYSALASGEEPQATAPSFVDFIEDDARYHQSSRYARDRDYWLDKYQSLPEPVLRPRYRPAADAATPGATLVQAFPAALHERMKALGKSTGASAFHVLLAALHVYFTRTLQRDEWVLGMPVLNRPNAAFKVTLGSFTQVSAVRMDFG,,3-hydroxytetradecanoic acid,CCCCCCCCCCCC(CC(O)=O)O,LCFA,,,,,,,
BGC0000399,COND0000399-PFL_2145-00,Condensation_Starter,8..307,RGLPLTAGQRDIWLDQLSRGDSPLYNIGGYAVLKGPFRPELMQRTVELLVDKHDVLRTVLSLEGSVDGLPLQHFDRQWPVELVFHDLSAAADPLAAAQAQIRRQMQQAFKLDGERLCRFSLFRVGPEHHLMEVEAHHLILDGWGFAQLSQSLGGLYSALASGEEPQATAPSFVDFIEDDARYHQSSRYARDRDYWLDKYQSLPEPVLRPRYRPAADAATPGATLVQAFPAALHERMKALGKSTGASAFHVLLAALHVYFTRTLQRDEWVLGMPVLNRPNAAFKVTLGSFTQVSAVRMDFG,,3-hydroxydodecanoic acid,CCCCCCCCCC(CC(O)=O)O,LCFA,,,,,,,
BGC0000400,COND0000400-pbtA-00,Condensation_Starter,1..280,EMMHPNTTVSTVAGTLVIRGEVDAAVLKESICQVITQHDAFRIRIMTQDNQPIQRLEPESAITPEVDYMEWDDHLEAKDWLNRFNRIPISIFDDKLYNFTVFNVNNQEYWIHLKINHIIADGVTSHLIGNKIMQTYMELTSGTFSANDKKNSYLDYTYAEQEYEKSDRYQKDKAYWLEKFQTMPETTGIKPYPPYSISTEAKRAYVALTGERYEQLKVFSEQNNISLFTLFLATVYMFLYKTTGNLDIAVGTAYANRTSRKEKEMLGMFVSTVATRLSLD,,pentadecanoic acid,CCCCCCCCCCCCCCC(O)=O,LCFA,,,,,,,
BGC0000401,COND0000401-paeF-00,Condensation_Starter,1..272,FNTGEYIDIRGPVDPERFEAALRQTVAEAETLHLRFGEDGEGPWQRLEPSSDWTLHHIDFSGTDHPLEAAEAWMRQNLAEPMDLTRGPLFTQALFKLAPDRFLWYQRIHHLVIDGYSFSLLAQRAAQLYTTFFQEQPPGPGAFGALQSIFQEDEAYRASEQQERDRAFWLARFADAPEAVSLGSRTARAGAGFLRRTAQLSPDDASALRDAADRTGTTWPDVVIAAVAAYVHRMTGADDVILGLPMMCRLGSASLRIPGMVMNLLPLRLAVR,,"2,3-dihydroxybenzoate",OC(C1=CC=CC(O)=C1O)=O,AR,,,,,,,
BGC0000403,COND0000403-plpD-00,Condensation_Starter,6..302,QRFPLTQAQLRIWYTEMMNPDTTLSMLSESLKIQGGPLDVDVLKQAIYHIIRQNDAFRIRIAFENNEPMQWFEQPENIVPECDYAEVDGYAEAETWLDRFNRIPIGMFESRLYHIVILKVNENEHWVVCKFNHITLDGLSSDTMLHLIMEYYIEIAKGNVPAHHAQSTYLDYIYADQEYGKSDRYQKDKEYWLDKFRTLPEVMGVKSYSAHAVSTEAKRKSVVISGDFYEKLRAFSERNNVSLFTLFLSVLYVYLYKATGNEDISVGTILANRTSKKEKATLGMFASTIAGRISVDP,,3-hydroxy-4-methylpentanoic acid,OC(C(C)C)CC(O)=O,SCFA,,,,,,,
BGC0000407,COND0000407-ppsA-00,Condensation_Starter,3..300,HTYSLTHAQRRVWFTELLEPNTSICNLTACVKFKGNIELDTLEGALNHSISRNDAIRFQLLEGEELEPRLHLTEYKYYPLRIIDFSNVEMIEIEQWIQDQASIPFKLINSPLYQFYLLRIDSHEVWLFAKFHHIIMDGISLNVMGNQIIDLYQKMKKKDPLPDQPEPSYLSYIEKESQYLQSPRFAKDRLFWTQTFEHPLEYHSLADQTSLQKQSTSASRDTIILSPDLEQTIRIFCEEHKINIISLFMASFYICISRITSKKDLAIGTYYGNRGSKAEKEMLGMFVSSLPIRITVDP,,3-hydroxyhexadecanoic acid,CCCCCCCCCCCCCC(O)CC(O)=O,LCFA,,,,,,,
BGC0000408,COND0000408-ACA97580.1-00,Condensation_Starter,6..299,EQYGLTQAQRRIWFMEIMNPGTSITMLSATYQITGEINTQLLEQAAAEIVKTYDVFRIRISGDLQNPTQWFEEPENVQARISRLEIGTTEQFYAWVKEVSEKPASVFDEHLHQFTIIHFVNGQVWLNLTVNHIIADGLSVNALLHAVMEKYLELRKGISSSYQAPSYLDYISAEREYEQSQRYQKGKEYWLTKYNTLPETTGIKSYPPFSIGSESNKLSITLDGSRYERILTFSEQYQVSLYTLFLSAMYALLYKLTDSIDVPVGTVFANRTSKKEKETIGMFVSTVATRIRLN,,6-methyloctanoic acid,CCC(CCCCC(O)=O)C,MCFA,,,,,,,
BGC0000411,COND0000411-psoA-00,Condensation_Starter,4..300,ETFALSVAQRDIWLDQISHGDSPLYNIGAYVEMNGGVDAARLRQALAHLVAQHDGLRTVLVTQGGMARQYFAPTLEVELVRHDVRDAEAPWAAAQALLQARMQTPYRLDASPLWGTTLIRLGEQRYLFAVQAHHLVLDGWGVDQWFKQIAEYYNLLEQGLPLPSGAPSYRAFIEDDAQYQGSPRHDRDRDYWLAKYQQLPDALLAPRERNAVHLSPPSAVLEQPFDTRLLARMRALGSTLQASPFHVLLAALHVCSARTWQRDEWVVGLPVRNRGNAQFKSTLGLFTQVSALRMDFG,,hexanoic acid,CCCCCC(O)=O,SCFA,,,,,,,
BGC0000415,COND0000415-qui7-00,Condensation_Starter,85..389,VTAVQEAMWLQQELAPDRPNNVVTLWDVDGDLDIPLITEALRTAVSEAGALTLNFRRDEGGLRAVARDPELPEPFHFDVSDAGDPGDAARAVVAELVSRPFDLGADALFRIGSIRLGATRHLVVLVFHHIVTDAFGVVTLLSRRIAEIYRALRSGSAVPELPANARGDARQKDAAYRASKRFAEAEQFWRDYVADEPTAARLPAGVRPAGDGRAAGHWDSLTEPLGMTTRTARIPAAELAAWRRTADALGTSLPDLLAAAATAFLQHMCAVPEPLHEFTVNHRVGALRRSLGLLSNRVPIRVEVP,,quinoxaline-2-carboxylic acid,OC(C1=NC2=CC=CC=C2N=C1)=O,AR,,,,,,,
BGC0000417,COND0000417-RHA1_ro02319-00,Condensation_Starter,19..301,VCLTAAQRELWSGHQLDPTRSAFTTAEYVEVAAPVDIDALAAAVRTVIEEAEILSVRFEAEPGADSADVVQVHDRRHAPELERLQLDRAAALEWMREDVRRPLDFDSAPLVRTALITTESGVLWYLRAPHALLDAYGYSLLTRRVAALYAARLAGTEPRPAKFPPLRTHVQAAREFDAAAPDSAPQSASHPVGFSDTVRRPVPDPRRYTIPIDPDVARSLREAATAQATTWAEAVYAAAATYLGAHTGAEEVTLRVPVLARNGIELASPVTATNIVPLRIPLD,,"2,3-dihydroxybenzoate",OC(C1=CC=CC(O)=C1O)=O,AR,,,,,,,
BGC0000425,COND0000425-sesA-00,Condensation_Starter,3..301,QTFPLTAAQKAIWLDQISQGDSPLYNIGNYLEIQGPIVPEVMQRAVQLMVDKHDALRLTLVDETDADGVPLQAFVPAIKVDVPFLDFSTQADPVSTAMAFVEEHMARSFPMTEAPLCRFFLIKLADTHYWSINQAHHIILDGWAFGEMLQSLGALYSDLLEARQPDMEATSYVDFIHDDLRYRESARYAKDREYWQAKYQSLPEPLFTARHHNQFAKGKAPGRHYARPFPVALHERMGELAKDFQASTYHVLLAAMYVYFTRVTQRDEWVVGLPLLNRTGKFKGTVGMFTQVSAVRFSL,,,,,,,,,,,
BGC0000429,COND0000429-sky29-00,Condensation_Starter,6..301,VRLPLTPAQSGIWYAQRIDSSHTVYNIAEYLDIHGPVDPYLFESALRRVVGETDALRVRFVENGEHPEQLVLPAVDFTVPVHDLTGEPDPLGSARALMDEDNTLPIDLFGERLFAFALFRVAEDRWLWYHRVHHILLDGAGVAMLAPRVSEVYSALTAGSPVPDSPFRPLRELVAAEQDYAGSEAYAADRAYWTERLAGAQDAVSLSGGRQHLPRKVIRRSEVLDAAEAEAIRDIAREAGVGWPTVVVAALALYVQRLTGTDEVVIGLPAAARPGRTLRAVPGSVSNLLPLRLRVR,,(E)-3-(2-((Z)-prop-1-en-1-yl)phenyl)acrylic acid,OC(/C=C/C1=C(/C=C\C)C=CC=C1)=O,AR,,,,,,,
BGC0000431,COND0000431-SSGG_00678-00,Condensation_Starter,1..266,EINGELDVDLFERALRSAVREAEAVHTRFVGEGEAVRQHVRVSDDWPFHRIDLSGEPDPRARAEEWMRTDMRRPVDMRGDALFTQAMLRLGPDHVYWYQRCHHILGDGFSGPLVNNRIAQIYAALRAGDAYDEGALAPFSNLLDADRAYRGSEEQAKDRAYWGEIFADLPTPVSLSGRIPAGTPHHLIRGTAEMPSEAAADLRTTARSLRTSISGMAIAAAAVYLNRATGAEDVVVALPVFGRFGSAQRQTPGMATNLLPIRLTVR,,,,,,,,,,,
BGC0000433,COND0000433-srfAA-00,Condensation_Starter,4..302,FYPLTNAQKRIWYTEKFYPNTSISNLAGFGKLISEDGVQAHYVEKAIQEFVRRYESMRIRLRLDDEGEPVQYVSEYRPLSIGHTDIRQAGCSADELSKWGREEAGKPLALYDQDLFRFSVHTISENEVWFYANVHHIISDGISMTILGNAITDIYLELSGGTSEEQTEIPSFIEHVLTEQEYVQSKRFKKDRDFWNGQFETVPELVSLKRSRADAGLDAKRFSQEIPHDLYGRIHSFCEEHKVSVLSLFQSALITYLYKVTGRDDVVTGTFMGNRTNAKEKQMLGMFVSTVPVRTSVDG,,3-hydroxytetradecanoic acid,O=C(O)CC(O)CCCCCCCCCCC,LCFA,,,,,,,
BGC0000434,COND0000434-swb16-00,Condensation_Starter,5..311,GVTAAQEAMWLAQKFAPAQPNNVVTLWNVDGGLDVPLFTSALHMVMAETDPLWVNFRRGADGLRVIARDPGTWAPFHLDVQDAPDPDDAARAAVASLTSEPFDLARDALLRVGSIRLGPDRHLVVLIFHHILTDAFGVLMLLSRRIAEVYRALYEKSDVPGCVARPAGDAAAADAAYRTSRRFADAERFWRDYLAGEPTAARLPTGVRPPEGAPPSERGPWDFLTGPLGMTTRTATVPAAERASWEGAAQRLKTSVPDLLSAAAAAYLQLMCGPSAPLHTITVNHRTGAARQALGLYSNRIPIRAAA,,3-hydroxyquinoline-2-carboxylic acid,OC(C1=NC2=CC=CC=C2C=C1O)=O,AR,,,,,,,
BGC0000435,COND0000435-PSPTO_2829-00,Condensation_Starter,7..306,TFSLTAAQRDIWLDQISRGDSPLYNIGGYLQITGPMDAQALQRALAQLVAAHEGLRTVLMPGAGADGLPLQTYAASIPMPLAVHDFSDHLDPASSALALISEQMQRPCVFDGRPLVEFCLIRLATDRYWLASQAHHLILDGWGFGQMMKSLGELYTAQVEGHSLELDAPRYSDFIVDDVRYHASPRFAKDKAYWLDKYQNLPEPLLVSRYHNRRSTDPAPSHAWVQALPEALHARMKKFAESHNASTFHVLLAALHVYFTRTTQRKEWVVGLPLLNRTGAHFKATLGHFAQVSAVRMAFA,,,,,,,,,,,
BGC0000437,COND0000437-Psyr_2608-00,Condensation_Starter,55..353,LLPLASVQQGIWLDQLAYPHLPYYNIGMTLEIKGDIDIALFEKAIQRVIDSHDALRLSFSHERGMGGQRVLSKAPFKLEVTDFPEVDGDTEQAIAHLRESFRHPFESMTGQLWESRLVRCGPQLHYWFNRLHHLVADGIGAVLIAHAVGDTYSGLLEGKETLAEGPSYLSFLEEDRAYMASCRYERDRLFWEQSYAQLPPVLLQRRADFKAGLTNVPAPSDQVQAMLPRALYNALTQFASECNLSVAHVLVGVISTYFCRTVGVDEIVVGMPVHNRTNARQKATIGMFSSVSPIRVGFD,,,,,,,,,,,
BGC0000437,COND0000437-Psyr_2614-00,Condensation_Starter,29..329,LALTAAQRNIWLDQMTQGDSPLYNIGGHLEIDGALDYELFQRAVDLLIAKHDALRMVLLDQRDEEGVPLQTFATSMPMPVTPIDLQRQDDPFQAAEHWMQRQLERAFRLDGEPLFRIHLLKLEAQRFYCMIYAHHIALDGWGIDGLCASLSELYNALHDQHTPDLTAPSYVDFIKDDSQYRGSRRFALDQTYWLDKYRDIPEPLLVPRPRPAQIQNEAPSRSGHLSYGLARDLEQQIDDLALSLNASSFHVLLAVLYVYFTRAYQRDELVIGLPILNRPNASYKKTLGLFTQLSSVRLKFS,,,,,,,,,,,
BGC0000438,COND0000438-sypA-00,Condensation_Starter,2..302,LALTAAQRNIWLDQMTQGDSPLYNIGGHLEIDGALDYELFQRAVDLLIAKHDALRMVLLDQRDEEGVPLQAFATSMPMPVTPIDLQGQDDPFQAAECWMQRQLERAFRLDGEPLFRIHLLKLEAQRFYCMIYAHHIALDGWGIDGLCASLSELYNALHDQHTPDLTAPSYVDFIKDDSQYRGSRRFALDQTYWLDKYRDIPEPLLVPRPRPAQIQNEAPSRSGHLSYGLARDLEQQIDDLALSLNASSFHVLLAVLYVYFTRAYQRDELVIGLPILNRPNASYKKTLGLFTQLSSVRLKFS,,,,,,,,,,,
BGC0000439,COND0000439-AHH53506.1-00,Condensation_Starter,10..301,TAAQESVWFGQQLRPDDAALYNCAAYLDVAGVLDVAVLDAALRRVVAETEAVRTRFSFTDGGLARSVVSTSDTTLTAVDLRDEAAPVDAALEWMRQRLSEPIDLSRAPTADHAVIRVGSERTLLYFGYHHIALDAYGAVLYLRRLAAVYGHLIDGTDPDASAFATTETLLDEQRRYESSPRCARDAEYWSGVASALPAPTSLSGCGGDPTSDSLSRTVSLPGTDDSRWGAAASALVGGWPAVVVAGVAAYLRRFADGDDIVLGLPVTARTTPAAVHTPAMLANEVPLHLTVR,,"(2E,4E)-octa-2,4-dienoic acid",O=C(/C=C/C=C/CCC)O,MCFA,,,,,,,
BGC0000443,COND0000443-AED90002.1-00,Condensation_Starter,14..313,THELASVQQGIWLDQIAHPDLPYYNIGMSLEIKGEIDIPLFEKAIELVANNHDALRLSFSHEGGIGRQRVLPEVKVKLDVVEFSEAEADAGLAMEYLRNAFRQPFPELTGQLWEARMVRCGPNRHYWLNRYHHLVTDGIGVALIGHAVGAAYNGLLAGNDEVAQGHSYLSFLEDDRAYLQSSRYERDREFWQETYAQLPPSLLQRRADFKTGQANELAPSAQVQAMLPRALYNDLTQFASERSLSVAHVLISVVATYFCRTVGVDEMVIGMPVHNRTNARTKETAGMFSSVSPIRLPVDL,,"3,4-dihydroxyhexadecanoic acid",CCCCCCCCCCCCC(O)C(O)CC(O)=O,LCFA,,,,,,,
BGC0000445,COND0000445-tioR-00,Condensation_Starter,5..310,VSSAQEAMWLEQNLAPEVPNSTTTIWDVRGELHLPDLEDALRTALGETSALLVNFRRESDELRIVPRKLDAWEPFRIDASDAADPAAAAREFLTEQIRRPFDLGADALFRIGTVRLGDGHHLLCLIMHHILTDAFGVFTLLSQRVAEIYRALRADSPVPDRPDTPAEIAGEREATYRSSERFTDAARFWRDYVTAGGTAARLPTGMRAGATRTASVGFWDGLTAPLGVASYTASVAASEVARWRAAADSTETSVPDLLTSAATAFLHRLCNTPRPMLSFTVNYRRGDIKQACGLYSNALPLVIEVP,,3-hydroxyquinoline-2-carboxylic acid,OC(C1=NC2=CC=CC=C2C=C1O)=O,AR,,,,,,,
BGC0000447,COND0000447-taaA-00,Condensation_Starter,8..306,QTFPLTAAQKAIWLDQISQGESPLYNIGSYLELNGPLNAERMQRAAEVLVAKHDALRLTLLDATDADGVPLQFIAPTVSVAVPLFDLSEQADPVNAALALMDEHMARAFSLTQAPLFRFFLIKLGEAHYYFASQAHHIILDGWAFGEMLQSLGDIYSDLTEARQPDMEASSYVDFIHDDVRYRESARYEKDREYWQHKYQTLPEPLFAARHQDQYAKGKAPGRHYIRPFPVVLHDRMGELAKVCQASTFHVLLAAMYVYFTRVTQRDEWVVGLPLLNRSAKFKTTLGMFTQVSAVRFSL,,3-hydroxyoctanoic acid,CCCCCC(O)CC(O)=O,MCFA,,,,,,,
BGC0000449,COND0000449-triD-00,Condensation_Starter,8..297,FALSQPQQRIWYTELLYPNRNTSTLITTVKIKGTVRIDALQQAMNQVIAQNDSFRIKITAEDGIPYQYVEPFVAQSIETLQVTPEEAELLVNRLNSQPFLLLDSQLYQLVILQLGAEETWYNFTMHHIISDGVSMNQAINEITTHYMDIVHGTGQATSTKANPYLDFIQVEQSYEQSDRYQKDKTYWTEKFADLPETTGLKPYNPLTLSTVARRESYKLEPELYRGVTVFCEEHKISIFTFFLAALYIYLHKVTGEQDLTVGTLYANRTSKKEKDTIGMFVSTVATRLLV,,,,,,,,,,,
BGC0000450,COND0000450-trsJ-00,Condensation_Starter,103..407,VTAVQEAMWLQQELAPDRPNNVVTLWDVDGDLDIPLITEALRTAVSEAGALTLNFRRDEGGLRAVARDPERPEPFHFDVGDAADPGDAARAVVAELVSRPFDLGADALFRIGSIRLGATRHLVVLVFHHIVTDAFGVVTLLSRRIAEIYRALRSGSAVPELPANARGDARQKDAVYRASKRFAEAEEFWRDYLADEPAAARLPAGVRPAGDGGAAGPWDGLTGPLGMTTRTARIPAAELAAWRRTADTVGTSLPDLLAAAATAFLQHMCAVPEPLHEFTVNHRVGAQRLSLGLLSNRLPVRVEVP,,quinoxaline-2-carboxylic acid,OC(C1=CN=C2C=CC=CC2=N1)=O,AR,,,,,,,
BGC0000454,COND0000454-vabF-00,Condensation_Starter,17..312,QWPLIGTQQGIWFAEQMMPNPEQFNVAHYVVIQGQIDIELFSNAVAIGLQGVDSLHCHYLESDGSVRQQFYPADEEGQWLESSTFHKPPCQKSRLGKWMKHDLRSGWTFSKKERFRHCLIDVGSSNAPQWFWYQRYHHIDVDGFSVNAISQYICQLYKHWRIGAAKPQEFSAFSDVIQEYQQFLDSAARQQAYDFWQTQAAHLPNVISLTTGSAANTSSSTITHTVPLIGGEWLTRYNPQLLPAELAMAMVFAYLHLHSGQEQVCVGVPFMRRMGNAATCAAGAVVNVLPVALSLH,,"2,3-dihydroxybenzoate",OC(C1=CC=CC(O)=C1O)=O,AR,,,,,,,
BGC0000459,COND0000459-AGN74876.1-00,Condensation_Starter,10..307,RTPLGAAQRGIWYAQRLDPGNPLHSGAACLDIRGPLDTGMLAEAVRRAVADTDALHLVFTEGTGPDHPDEGPRQHLDPAARPRVRLPDGPADEDTALRRMRAELAAAAEPPHGALSAQEIFRLGQDRHLWYYRAHHLLLDGTGLWLFQRRADTVLRALRDGAPVPDDPAAPLSRLWQEEAAYRESGYYAADRAHWQRVMGDRPAPVSLAGTPAVASHAFLRATGRVPAGPADALEELAARQGSGRPAAIIAAVAALVHRVTGATDVVLGLAVNARLTPAARRTPAMTANVVPLRLTVR,,,,,,,,,,,
BGC0000460,COND0000460-VV2_0844-00,Condensation_Starter,16..314,FFPLSLAQQEYWADYIAFPERPFSNVAHGIEISGECDIECLYQAILETTQEAEALRLCFGCDEQGYPRQVVLDCSAIVLDCINLIDEAEAEQLAWQKIRDDIAKPIDLTGEVMTYQAIFRLSEVKTLWYIRSHHIALDGYSLHLIEQRCASLYSAFIQSQTLPVVFKGFNTYVRNEQAYLCSERAEKDQRFWLDYINQHSFISFNDDDFNNDTFAIAKEVDPELRAALLNVSQQQQWAWVDLLVVLVGLYCVEKQVLTEQQSASDGLWIWLPYLNRMGNRCANTPCLMVNTLPLWINAD,,,,,,,,,,,
BGC0000461,COND0000461-AEP18656.1-00,Condensation_Starter,10..299,PLSTAQSEMWFAQELDADNWLYHSCGYLDIGGPLDLARFEQALRRFVAETDALHLRFLDGPDGPLQCIGEAPALPFETVDLSAHAQPFQAALSAMRADMRRVFDLRSSRLFNYIVFKLGEERHLWYKRYHHIVLDGAGSSLDIVRVARIYTALCRGEEVPASDLGGISALLDDDRDYRESDRCRRDQAFWRDYARTLSETTALSGRPLARTSTFRRCALPIPPSLAAALMAAQTRDSKWPQLMTAAVAAYLYRISGGKVDTFDFPVAARAKQLRHVPGTTANVLPVRLGL,,3-hydroxy-7-methyloctanoic acid,CC(CCCC(O)CC(O)=O)C,MCFA,,,,,,,
BGC0000464,COND0000464-XDD1_2281-00,Condensation_Starter,37..342,KFSLSSTQQVVWLDQYLRPDSTCYNLGSVVLIEGKLDEALLIHAFKTVVYRHDALRLRLISTQELPLQELTDTSNVFVTIRDFSDYADAEEQAKQYIHAAFSCPFDLNGELWRFELLRVSDNRWYWQFCCHHLIGDAITLGLIAEEIANTYRCLTRGEEIPQAAPSYLDFIDEDHAYLHSQRYQQDQQFWLERYKNLPPALIQPSSTEKKADNEHPEPLVWQWDRAFFQRIEDAVAAQGLSVLHFMYAVLACYFSRTTYFSRADFSSEDNSEEIVMGIPVHNRKNVKQKRTIGMFSSVIPVGITVA,,,,,,,,,,,
BGC0000464,COND0000464-XDD1_2286-00,Condensation_Starter,13..175,KFSLSSTQQAAWLAQYLHPNSTCYHFGSVVLIEGELDEALLVRAFEAVVYRHEALRLQPVESQELPQQALTDAGNVSVTIRDFSDHADPEEQAKQHIQAAFVRPFDLQGERWRFELLRVNDTRWYWQFCCHPLIGDEVTLRLIAEDVANIYRGLIRGGEITEA,,,,,,,,,,,
BGC0000958,COND0000958-STREPS4_RS11225-00,Condensation_Starter,7..301,RRPLSGAQEGLWFAHRLAPGTAAYNTGEYVEIHGPVDTALFETALRRTVREADTFALRFLDTPDGPRAVRDGDPDEMPVHRVDVSGEADPAAAAEEWIRRDLATPVDVAAGPLFSHTVLTLAPDRFIWFLRAHHILLDGYSYKLVARRLADTYTALAAGEEPPPAGFESADRLAAEEAAYLGSDRHSRDRAYWTERLAGLPEPVRLTDRTAPPRAPFLRRTAVLSPAETRALDEAAKGMGIARTDLLVAAVAAFLHRMTGADDLVLGLATMSRLGSAALRTPGTASDILPLRVAA,,,,,,,,,,,
BGC0000972,COND0000972-clbN-00,Condensation_Starter,3..295,GNPLSWPQEQCHIIDQLYPYSAVNIIGGVVTIEGIVDLPRLHAAIQSAIRQFDALRMWFVMGEESEVVSQVQPYHWRDIRHLTFSPDYDKENLRPAAIETFVDEWFRQPFTLLAHDLFEFVTFTCGEQYSGYLFKAHHGIADGWSMALLSNHVKRAYEQQDVPDDASPAYSAFLAQQQSYQASTRFAVDRGWWRDYIDEYRDCFPDSSPIVTTEGISCSTWLEPAMINRLYRLCNRYGCTLNTLFIALFALYRARVWGEEKGVIGVPLANRHTREARRCFGMFTNQLPLAYRL,,tetradecanoic acid,CCCCCCCCCCCCCC(O)=O,LCFA,,,,,,,
BGC0000972,COND0000972-clbN-00,Condensation_Starter,3..295,GNPLSWPQEQCHIIDQLYPYSAVNIIGGVVTIEGIVDLPRLHAAIQSAIRQFDALRMWFVMGEESEVVSQVQPYHWRDIRHLTFSPDYDKENLRPAAIETFVDEWFRQPFTLLAHDLFEFVTFTCGEQYSGYLFKAHHGIADGWSMALLSNHVKRAYEQQDVPDDASPAYSAFLAQQQSYQASTRFAVDRGWWRDYIDEYRDCFPDSSPIVTTEGISCSTWLEPAMINRLYRLCNRYGCTLNTLFIALFALYRARVWGEEKGVIGVPLANRHTREARRCFGMFTNQLPLAYRL,,(E)-tetradec-7-enoic acid,CCCCCC/C=C/CCCCCC(O)=O,LCFA,,,,,,,
BGC0000985,COND0000985-TMO_c0602-00,Condensation_Starter,9..300,QNIWLDERLNTGPGSYHIGGYVELRGPLDIDIFGAALKAVAAAHAGLHMQPVPEGDGFRLLAYQDTFSSPVSVDLSQEGNPAAAANAWMAADFRRMFPAGAPLFRWGLIRLTADRHFWTKTYHHLIVDGHAISRIVQDAAHAYTSLLAGRVPGLAGSDPLAIGDPLAGDGVSARHHWSTVLAAAPPVLNPVPPLPPPDLGPPDLTPPEPGMPGRRTRIGLERGVYDGLARLAAQAGAGLPQLLLVLASAALLRRAGRDALVAGLPVANRPTAAHKAAVGLFATMQPVIVAID,,,,,,,,,,,
BGC0000995,COND0000995-fr9D-00,Condensation_Starter,48..346,QAPLSRNQRGIWSRQMLYPMDPLYNVAVACTVGAGFDRGLFRRVCQRFLNHHQLLNARIVAEGDALIQRIDSMRELAWYESATGESLDACRAHAKRDAAVPFVLHDGPLYRIHIYEASSCETVVLLVVHHIICDGSSVSRWLSTIWQDYRALKQQRTLPQALGGASFLDFVQREAAHLDSAAGQKSLAYWRTQCADGLPPLDAALNLPPAADDASVFATSRLSFSIDGDRAMRMRTLRKTGSFSPSTLLMGAFTLALSAWRGTRRFTLGLPTLGRPPGAEFASTIGNFTNLVPVVCDLN,,,,,,,,,,,
BGC0000997,COND0000997-glbF-00,Condensation_Starter,8..306,SYPLSPAQQEIWIAEQLNPGTGVYNTAGYADIRGPVDVARFGAALRQTMAEADCLRAVFHDHGEGPRQTPNDTMAWPFPLIDVSGEPDPQAAAEAWMQADLAQPPDFAHGPLFRMALFRAAPDRFFWYLCGHHLVADAFGLTLLMHRLAEIYSALMLQQAPPPAWFGKLEDMIAADRDYHTSDALEHDRTYWISRLAGCPEAVSLSTGTAAAAAAPPGKFHRQWAELPAATGDALRAIARDNGAGVPPLLIALVAAYLYRMTGQEDLVLGLPVTGRPGRELRRIPGMLANVLPLRFEMT,,"(2E,4E)-dodeca-2,4-dienoic acid",CCCCCCC/C=C/C=C/C(O)=O,LCFA,,,,,,,
BGC0000997,COND0000997-glbF-00,Condensation_Starter,8..306,SYPLSPAQQEIWIAEQLNPGTGVYNTAGYADIRGPVDVARFGAALRQTMAEADCLRAVFHDHGEGPRQTPNDTMAWPFPLIDVSGEPDPQAAAEAWMQADLAQPPDFAHGPLFRMALFRAAPDRFFWYLCGHHLVADAFGLTLLMHRLAEIYSALMLQQAPPPAWFGKLEDMIAADRDYHTSDALEHDRTYWISRLAGCPEAVSLSTGTAAAAAAPPGKFHRQWAELPAATGDALRAIARDNGAGVPPLLIALVAAYLYRMTGQEDLVLGLPVTGRPGRELRRIPGMLANVLPLRFEMT,,"(2E,4E,8E)-tetradeca-2,4,8-trienoic acid",CCCCC/C=C/CC/C=C/C=C/C(O)=O,LCFA,,,,,,,
BGC0001033,COND0001033-ERIC2_c18170-00,Condensation_Starter,5..294,IYPLTHAQKRIWYVEHIYPGTSIHNIGGLIKIYGPANFDMLEEAINLFIQQNEAIRIRLVERNGDVQQTVSEYQRRIFPRIDFTKADSYVDVDTWLHAEFSRPFSLNGEFLYDFALVKLDIGESAYLTKVHHIISDGWSFQLMTTQINQIYTQLMNGEEVNQNLRHSYLDYTRQEQQYLSSSRFLKNKQYWLEKFEGIQDVNLHASYANTEGRRKTFILNQSMSEKIRDFTNKHRISLNTFFVAAMLLYLHKVTQQDRITLGTPVLNRSGAKEKNMFGMFTSTMPLFAEI,,,,,,,,,,,
BGC0001036,COND0001036-AGZ15476.1-00,Condensation_Starter,6..317,SSAHKGLWLAQKMNPDTLNHALSMWDVDGELDAAVLESAFRHVLGEAEVLRVNFVDDGGGLRLVPREPEDWQPFFLDFGTAADPEQAAREALADLLKQPFDLERDLLIRLGVVKLAAARSLVVIAYHHLVSDGYGAGGLFSRRLAEVYTALVRGSDVPELAHPWDAESFATEAAEYGAAEKFTEDTEFWRDYLTDAPAPAQVPRVAMSDATRSALSEPLSGVDRWGQLADAIGMVSRTLTVPRADADTWTETAKSMGVWMSSMLTAAAAVYFRHRCDRPEFLLSLAVANRVGAASRTPGLAVNVVPVRVKVP,,"(S)-2-((2R,5R,6R)-6-ethyl-2-hydroxy-5-((S)-2-methylbutyl)tetrahydro-2H-pyran-2-yl)-2-hydroxypropanoic acid",O=C(O)[C@@](O)([C@]1(CC[C@@H]([C@H](O1)CC)C[C@H](CC)C)O)C,LCFA,,,,,,,
BGC0001039,COND0001039-pyrE-00,Condensation_Starter,7..295,RRPLTGAQLGVWFAQQVDPANAAYNTAQYVEVTAPADAARLERALRRAVAETDALTVRFTVHDGQPLQQSAPLAEPLLDVVDLSAETDPTAAADRWMREDAATVVDLLRGPLLRNALLVLGPDRFRWYQRCHHTLLDGYGFQLLAARTAEIYTAEAAGAEPRPRWFGTLDDLVGAETGYRASERFGADRAYWAERMLGAPDAVTLARRPFDGPAVDPLTVGPARVLDPRQADRATDRTALVVAALAGYLHRMTQAEDITLGVPVAGRWGAAAKTPGVVVNVLPLRLSVP,,3-hydroxypicolinic acid,OC(C1=C(O)C=CC=N1)=O,AR,,,,,,,
BGC0001050,COND0001050-ttbA-00,Condensation_Starter,34..354,PMPLSGAQAAIWAELAAGGVATTFYNIADQISLNGPLDPAAFRAALYHVHRAADVSRLRFAADDGVPVQWFDATPGRFDFALIDLSDAEDPETLVTEEFHALRLRPFDLMHGPLNRHRLIRLAPDRHCWIRCYHHLITDGLGGVMTAAATAAAYDAYKQGAPLPDPAFLPYGDHLTREAAHAAGAAGAADLAYWRARLAGDIHPHSFGHTMRPGGQPVTANPVTANPAAAGARRTAILGAEAPPQSVIRPLGAARMAALDALAGRLGINARSSVMLALFLALLGRSVGTDTPSCTTLLSNRLTRADRRTLGQFAYTVPFWT,,(Z)-dec-3-enoic acid,CCCCCC/C=C\CC(O)=O,LCFA,,,,,,,
BGC0001054,COND0001054-XNC1_1711-00,Condensation_Starter,5..306,FELSRSQQAVFKMEAFHLTGCPFYLGVAVRLNGSIPLDGLVRAAETVRDSMDIFHIGFETDDVAMSDLATHWHGIRRLTSHSEVIQVDFSNYPDSKQAFESWSDRQMLIKEDLSLTPVRIFAVHFQQGQTGWFIKAHHAAMDGEGFSVLIEHLMKALEKEEPNTEPLLFSVHAEGEQNYENSRRRQRDEIYWRSIFSDSLINGQESDGPESSHANKISCRYPMGDYRTLTPRSKRVHYKLSKTHNDTLRQFKKSGGSIFRLFFAAVAYTQMVIEDGNGALLQAPMLNRWSSEEKRSAAMAVA,,,,,,,,,,,
BGC0001059,COND0001059-zmaO-00,Condensation_Starter,6..298,KHSLTHPQKRVWYNEQIYPNTSMYNIGGMVLINGEINFTILEKAIQLFIKKNDGLRLRIFQQHREPHQYISPFEPTPIRLIDFSNHHNPSLEARKWAQDEFQKQIPLEGGPLFEFVLLKISDVESSYFVKFHHIIADGWTIQLMTSQIIDFYSKLKNDEHINDTVESTYLSYLQAEEKYLESPRYVKNKNYWNEKFMNLPDFFLSKTSHSLEGKRKIFLIEKEKSVALQSFIQKHRISMNTLFSTFMLIYIHKMYDQSDIIIGSPVLNRSGVLEKKIVGMFTSTMPLRLNVDE,,,,,,,,,,,
BGC0001095,COND0001095-RBAM_018460-00,Condensation_Starter,3..299,TVYSLTHAQRRVWFTELLEPGTSICNLAACVKFRGDIDFDVLRHALDFSISQNDSLRFQLTEGDGSEPQLYLAGHRPISLETVDFTHTDQAERDAWIDTQTRVPFKLFHSPLYHFTLLVMSDEEVWLYSKFHHIIMDGISLNLLGNQLIDIYQKIMRSEDLAEHHRPSYLSYMEKEQQYLQSSRFQKDRSFWTETYRTVPEHLSLAERTSHLRQSTAASRDTITLSHSLEQSIRRFCKENNISIISLFMASLYICISRLTAKKDIAIGTYYGNRGSRLEKDMLGMFVSTLPIRMTAD,,3-hydroxyhexadecanoic acid,CCCCCCCCCCCCCC(O)CC(O)=O,LCFA,,,,,,,
BGC0001113,COND0001113-fr9DEF-00,Condensation_Starter,65..363,QAPLSRNQRGIWSRQMLYPMDPLYNVAVACTVGAGFDRGLFRRVCQRFLNHHQLLNARIVAEGDALIQRIDSMRELAWYESATGESLDACRAHAKRDAAVPFVLHDGPLYRIHIYEASSCETVVLLVVHHIICDGSSVSRWLSTIWQDYRALKQQRTLPQALGGASFLDFVQREAAHLDSAAGQKSLAYWRTQCADGLPPLDAALNLPPAADDASVFATSRLSFSIDGDRAMRMRTLRKTGSFSPSTLLMGAFTLALSAWRGTRRFTLGLPTLGRPPGAEFASTIGNFTNLVPVVCDLN,,,,,,,,,,,
BGC0001114,COND0001114-tstDEF-00,Condensation_Starter,46..343,EAPLSRNQRGIWSRQMLYPADPLYNVAVACTVGASFDRALFRRACQRFVNCHQLLNVRIVADGRELVQRVDSARELAWREFDLGETLEACRERARRDADVPFSLDDGPIYRIHLHVAASGETVVLLAVHHIVCDGASVSRWLSTIWQDYRAMKRQCAPSAVPDGASFVDFVKHEADYLDSAAGRKSLAYWRMQCPNGLPPLDAALDPAPAAADASVFATERLSFAIDGALAGRVHAFRKTGSSSPSTLLMGAFALALSAWRGKRCFTLGLPTLGRPGSGFASSIGNFANLVPVICDLD,,,,,,,,,,,
BGC0001116,COND0001116-visE-00,Condensation_Starter,38..338,MALTDAQLGVWFAQARDPHSTAFNTGEYVELTGPLDAGRFTAAVRAAVEATESLRLRFHTRADGEVRQRVVPADESAWELRHVDVSAEPDPEAAADDLIRRQLAAPMAVDGEGPLFDQVLFTLGPGRHRWFQQVHHLLLDGYGLRLVARRVADAYNGAGTPAEADDLAALVDAESAYRASRGHARDRAYWLTSWADRPEAPTLGTGPVARGDAPAAAEGGAVPLRRTVFLPAAVQEGLDALARTAQTGWQVAALAAVALYTRRLTGAGEAVLGLPVTNRRSSRARRTPAMLTNVPPLRVPA,,3-hydroxypicolinic acid,OC(C1=C(C=CC=N1)O)=O,AR,,,,,,,
BGC0001127,COND0001127-jagA-00,Condensation_Starter,4..298,QPVTRAQRELILASLLHPEAALGNTGGTVTMHGALHIDGFTACMAQLVARHDVFGLGFVIDGQQIGHRPVERSAALVRLVDYSAHDDAAELASAFIARQFATPIDLGADASLIQNYLIRVHPQHHIWLCFGPHALLDGWGFSLMFQDMALLMRRHAAGAQDEAPPAPPSFLDYTAEDLAWSASSGCQRSTDYWRQRFPVAPDSLFAPIKPFQLAAGSLARAVPPARYAQWSAAAEGAGLTLASWIAAALLATLARRTGVARPVLGMPLLGRRTAQHKQTIGLFANVVPLALTVDP,,(S)-3-hydroxytetradecanoic acid,CCCCCCCCCCC[C@@H](CC(O)=O)O,LCFA,,,,,,,
BGC0001133,COND0001133-XBJ1_0775-00,Condensation_Starter,11..305,LYNLHPAQEDVFYEQALYENNPLHNLGWYTLIEENVDIVTFQQVWNLLHQHIDMLRLRISVNSDNEAIQYIQDQGVPEEIIFYDAAMQPDPEKKAQLWMQQQIDNPINFLQETPYQISLIRMTEEKYYFFTIFHHIMIDGVGLFRLHEYVNKLYGCIKNGTSTAWLLEIPQYLDTITKARKYLNSSHYETDKHYWCDFLKEHEIYPLTPCYQNTGSGVGSLTLPSEMTSDLRIFCRENNTNVFAVFSSLVIIMMAELTGQQELTFSTITHGRKRRLDKHVIGMHANIYPVHCQVS,,5-methylhexanoic acid,CC(CCCC(O)=O)C,MCFA,,,,,,,
BGC0001149,COND0001149-BN844_0706-00,Condensation_Starter,3..302,LYPLTAPQLDIWLDQVLHGDSPLYNIGGYACINGPVDAARLKQAIDHVVSRHDALRIQLVPGSADHPLPRQRFLESASAPLTLHDVSAEADPQASALALLQVNLQTPFSFDGGLLFRTDLIKVRDDLHYFFVNGHHLIIDGWSFAMIGRAISEAYTAALDPAETPLPAPTYQAYVDQQRNAKNSPAFQRQRQYWLDKYRSVPEPLLAPRHPGRFEQRLAPSQNHAWRLPRALYDRLGERAKACGQATVFHAMLGLLYAYFARVAQRDEIVIGMPILNRANAAHKATVGLFVGMSPVRLSL,,(R)-3-hydroxytetradecanoic acid,CCCCCCCCCCC[C@@H](O)CC(O)=O,,,,,,,,
BGC0001152,COND0001152-fusA-00,Condensation_Starter,4..296,QLYDLTNAQKRIWYTELLYPDTSVSQLSGTAKMKGHINIAAFMQSINLIIKQYDAFRIRITSVDGVPQQYVVPYEERQLECLDLSHYESVSEVEALLEQHKRKPLPLLDSELFQFLIVKISEEEYWINIKMHHIISDGISMVVYGNQLTAFYMELIQGNEPKLGDDCSYIQYIADENAYELSDRYQKDKAYWLDKFSDLPELTGWKSYNPLSLSTHAVREHFTVPEVLYHELQAFCQQNRISLFQFFMGAMYIYIHKMTNQPDVVIGTSFANRGNKKEKQKIGMFVSTAAART,,15-guanidino-3-hydroxypentadecanoic acid,O=C(O)CC(CCCCCCCCCCCCNC(N)=N)O,,,,,,,,
BGC0001153,COND0001153-pmxE-00,Condensation_Starter,6..299,EQYGLTQAQRRIWFMEIMNPGTSITMLSATYQITGEINTQLLEQAVAEIVKTYDVFRIRISGDLQNPTQWFEEPENVQARISRLEIGTTEQFYAWVKEVSEKPASVFDEHLYQFTIIHFANGQVWLNLTVNHIIADGLSVNALLHAVMEKYLELRKGISSSYQAPSYLDYISAEREYEQSQRYQKGKEYWLTKYNTLPETTGIKSYPPFSIGSESNKLAITLDGSRYERILAFSEQYQVSLYTLFLSAMYALLYKLTDSTDVPVGTVFANRTSKKEKETIGMFVSTVATRIRLN,,6-methyloctanoic acid,CCC(CCCCC(O)=O)C,MCFA,,,,,,,
BGC0001185,COND0001185-RBAM_029010-00,Condensation_Starter,4..294,QQLPLTGAQAGIWFAQQLDPDNPIYNTGEYVEINGAIDVNIFKTALERVLTEAASLHARFEEGADGPKQIINPPFEVAIDVIDVSSEAVPKQAALRLMQTDLAEPVDMAAGPLFRDILFQAGPERFFWYQRIHHIAIDGYGFSLLARRTAQMYTAIREGRPDNGRSFGSLEDLVKEDQEYRASDQFLKDREFWMEKFADEPDVVSLAERAPRTSTRFRRSTAYLSETALQHVKAIPNWHEAVTAAAAVYVYRMTNAGDIVLGLPMMGRIGSISLNIPSMVMNLLPLRLSLR,,"2,3-dihydroxybenzoate",OC(C1=CC=CC(O)=C1O)=O,AR,,,,,,,
BGC0001192,COND0001192-AJM89738.1-00,Condensation_Starter,1..279,EIMNPGTSITMLSATYQITGQIDTQLLEQAAAEIVKTYDAFRIRISGDLQNPTQWFEEPENVQARISRLEIGTTEQFYAWVKEVSEKPASVFDEHLYQFTIIHFANGQVWLNLTVNHIIADGLSVTALLHAVMEKYMELRKGISSSYQAPSYLDYISAEREYEQSQRYQKGKEYWLTKYSTLPETTGFKSYPPFSIGSESNKRATTLDGSRYERILAFSEQYQVSLYTLFLSAMYALLYKLTDSTDVPVGTVFANRTSKKEKETIGMFVSTVATRIHLN,,(R)-6-methyloctanoic acid,CC[C@H](CCCCC(O)=O)C,MCFA,,,,,,,
BGC0001192,COND0001192-AJM89738.1-00,Condensation_Starter,1..279,EIMNPGTSITMLSATYQITGQIDTQLLEQAAAEIVKTYDAFRIRISGDLQNPTQWFEEPENVQARISRLEIGTTEQFYAWVKEVSEKPASVFDEHLYQFTIIHFANGQVWLNLTVNHIIADGLSVTALLHAVMEKYMELRKGISSSYQAPSYLDYISAEREYEQSQRYQKGKEYWLTKYSTLPETTGFKSYPPFSIGSESNKRATTLDGSRYERILAFSEQYQVSLYTLFLSAMYALLYKLTDSTDVPVGTVFANRTSKKEKETIGMFVSTVATRIHLN,,6-methylheptanoic acid,OC(CCCCC(C)C)=O,MCFA,,,,,,,
BGC0001203,COND0001203-AKA59447.1-00,Condensation_Starter,9..301,WPLSDAQRRVWFANQADPANPAYIIAAWVDFHGAADPVVLDRAVRHTLAEADGLRVRFVEAGDRLGQVADAPEDWRITQHDLSAAPDPAAAATTWLRDRARQPFDVRTAPLFEFAWLTLGPDDHRWFVKFHHLLLDGIGINLFIRRVGEVYTALAAGEEPEAAWFGSFTDHLAQDGAFTASEEFAAQRRFWSERFADQPAPTYLTGGADIALEVVRRTAIVPAERTDELADSVRRAGARWHTAVIAAVAAYLATMRGADEVMLSFAVTGRTTPLARRIPAMASNVLPLRVPVR,,8-hydroxy-8-methylnonanoic acid,CC(C)(O)CCCCCCC(O)=O,MCFA,,,,,,,
BGC0001211,COND0001211-AMYAL_RS0130210-00,Condensation_Starter,8..289,RGFPLTPAQQGIWLAQQLDPADPVYTIGWVAELRGDIDVTRLGDAVRRAVAEAECLHVTVGLEGDTPVQRPVTPGEVAVLDFTGEPDPDHAADEWAKAELAVVADLGRGPLTGHALLILAEDRVRWVQRYHHLVMDAHGQAVLTRRAAALYSGTAGEISWPLSGLTEAVDHGEGDREYWAGELAGRPNPVRLLGRASSGPIRLRRHSWELPAAKTGRLRKFAFDTGTRLSRVAIAAVAAYAHRVTGAEDLVLGLPVTARTTRALREQPGMVSNVLPLRLTVR,,acetyl CoA,CC(O)=O,SCFA,,,,,,,
BGC0001214,COND0001214-AJV88375.1-00,Condensation_Starter,0..284,MWFAQQLDPQNPIFSWGEYLEIHGPVDAVIFESALRRVISEAEAMRARVVTESGAVGQTIEPLPERLLQVVDVSDEPDPVRAAERIMRSDLARPMDLVYGPAFTQILFQAAPDRFLWYQRIHHVVIDGYGLSLVVRRVADVYSALVRGLPADEGAFPPLRDLLDEDTAYRESAAYAEDREYWLGRLGDHPEVPALAEGTPVTSSRFHRHSTWLGPDAAHELTASAREIGASMPRLMIAAAAAYVHRMTGATDVVLGLPVTGRTSDAARAVPGMASNVMPFRLRVR,,,,,,,Cstart potentially inactive,,,,
BGC0001216,COND0001216-spnC-00,Condensation_Starter,7..301,RRPLSGAQEGLWYAHRLAPGTAAYNTGEYVEIHGPLDTAVFETALRRTVREADTFALRFLDTPDGPRAVRDGDPDEMPVHRVDVSGAADPAAAAEEWIRRDLATPVDVAAGPLFSHALLTLAPDRFIWFLRAHHILLDGYSYKLVARRLADTYTALAAGEEPPPAGFESSDRLAAEEAAYLGSDRHQRDRAYWTERLAGLPEPARLTDRTAPPRAPFLRRTAVLSPAETRALDEAAKGMGVARTDLLVAAVAAFLHRMTGADDLVLGLATMSRLGSAALRTPGTASDILPLRIAA,,3-formamido-2-hydroxybenzoic acid,O=C(O)C1=CC=CC(NC=O)=C1O,AR,,,,,,,
BGC0001228,COND0001228-B110_RS0125720-00,Condensation_Starter,3..310,TGVTAAQEAMWLAQEFVPAQPNNVVTLWEIDGNLDVARMTSALRHSVGEAAAVRVNFQREELLRQVVRDAGGWEPFHHDVSGLADPDGEARALVASLTWQPFDLARDALLRLGTIRLSATRHLLVLIFHHIITDAFGVVTLLSQRIAQVYQELMRNAEVPASDWPPPEDAVRADEAYLSSRRCADAERFWQEYLSGAPTAARLPDGVRSPAADLAAPAGPWDFLTAPLGMVTRTVPVPAADRLAWERRAQESATGVTDLLTAAAVAYLQRMCDVSEPLHSITVNQRTGRARRSLGLLSNRVPMRVTIP,,3-hydroxyquinoline-2-carboxylic acid,O=C(C1=NC2=CC=CC=C2C=C1O)O,AR,,,,,,,
BGC0001230,COND0001230-sln9-00,Condensation_Starter,2..298,KSLPLSAAQAGVWFAQQLDVDSPAYTAGDCVDLHGPLDTALFGQAVDRAVASAQAARTRVVVTADGPRQEVAVRAGEPVTRVVDLRGEADPAASAEALLRAEVARPFDLASGEPLLRSTLVRTADDRHLWCHLYHHIALDGFAVWLMARQVAAEYTALVSGSAEAEREELAVEPLLAEDAEYQASDARTASREFWAGYFSDGFTPTVLAARPAGGVRAFHRSGVTLRAERAALLHAAASRLGASWAQVVAAAAGAYVQRCAGRAEVLLTLPVHGRTSGVSRRTPGMLTNMVPLRLRA,,"(2R,3R)-3-hydroxy-2,4-dimethylpentanoic acid",OC([C@H](C)[C@H](O)C(C)C)=O,MCFA,,,,,,,
BGC0001297,COND0001297-cal17-00,Condensation_Starter,6..304,TVLPLTAGQAGIWYAQSLSGPNATFNAALYLDIEGAVDERLFVAAMRQVVTEAEALRARITDDGTGPVQVLEPVGDWAEQPVQVVDFTAAETPWQDAEAWMWADAGTPLDMSGEPLYRFALLKVADDRSLFYYRYHHVVMDAAGASLVAARVADVYTRLVAGEDTADGAFPPLRELIEDEAAYRRSAAFEADREYWTARFADTPAVPSLGDRPTAMPHHQLRGGARVPAAVAAEVRDAARTVGVGWPAAVLAALAAYTSRITGSSDVVVALSVAARTTAAGRAVPGMVSNVIGVRLDVR,,(E)-3-(2-((E)-pent-1-en-1-yl)phenyl)acrylic acid,OC(/C=C/C1=C(/C=C/CCC)C=CC=C1)=O,AR,,,,,,,
BGC0001345,COND0001345-mxcG-00,Condensation_Starter,6..299,TRRPLSAAQHGIWLGQQFDLKSPVYNAGECIEICGPVDPALFEAAVRQAVREAEALHVRFVASEEGPQQLLGLQTDWVLHTADLSESPDPWAAVQAWMKADLAQTVDLSRGPLFTEALFKAAPDRFFWYQRIHHIAMDGFGFSLLARRVAEVYTALAAGRPITGGFGSFQAVLDEDVAYRNGPQHELDRTFWTERFADRPTPVSLASPAPMSPSFVRQTRFLPAQSMERLQAVSRPAGLNWPDLVLAATAVYLHRLTDATEVVLGLPVMTRLGSAALRVPCMAMNIVPLRVPVS,,"2,3-dihydroxybenzoate",OC(C1=CC=CC(O)=C1O)=O,AR,,,,,,,
BGC0001346,COND0001346-banA-00,Condensation_Starter,16..315,ETFPLTAAQRDIWLDQVRQGDSPVYNIGGYVEMTGALDPALMQAALEGLVARHDAMRTSLLPGAGEQGLPLQRFLPSMPVPMPFHDFSAHPEPQAAARRLTQERIEQPFKLDGGPLFRFCLIRLDERCHWFSLQAHHLIVDGWGFGEMLKSLGDIYNALALGQVPPDSAPSYIDFIHDDARYYQSDRYGRDRAYWLDKYRHLPEPLLLPRYQERFAGATAPTRIFSQRFPARLHERMKQVAHEYGASALHFLLAAMHVYLSRTGQRDEWVVGLPLLNRSGARFKSTLGLFTQVSAVRMGF,,3-hydroxydodecanoic acid,OC(CC(CCCCCCCCC)O)=O,LCFA,,,,,,,
BGC0001346,COND0001346-banA-00,Condensation_Starter,16..315,ETFPLTAAQRDIWLDQVRQGDSPVYNIGGYVEMTGALDPALMQAALEGLVARHDAMRTSLLPGAGEQGLPLQRFLPSMPVPMPFHDFSAHPEPQAAARRLTQERIEQPFKLDGGPLFRFCLIRLDERCHWFSLQAHHLIVDGWGFGEMLKSLGDIYNALALGQVPPDSAPSYIDFIHDDARYYQSDRYGRDRAYWLDKYRHLPEPLLLPRYQERFAGATAPTRIFSQRFPARLHERMKQVAHEYGASALHFLLAAMHVYLSRTGQRDEWVVGLPLLNRSGARFKSTLGLFTQVSAVRMGF,,(E)-3-hydroxydodec-5-enoic acid,OC(CC(C/C=C/CCCCCC)O)=O,LCFA,,,,,,,
BGC0001346,COND0001346-banA-00,Condensation_Starter,16..315,ETFPLTAAQRDIWLDQVRQGDSPVYNIGGYVEMTGALDPALMQAALEGLVARHDAMRTSLLPGAGEQGLPLQRFLPSMPVPMPFHDFSAHPEPQAAARRLTQERIEQPFKLDGGPLFRFCLIRLDERCHWFSLQAHHLIVDGWGFGEMLKSLGDIYNALALGQVPPDSAPSYIDFIHDDARYYQSDRYGRDRAYWLDKYRHLPEPLLLPRYQERFAGATAPTRIFSQRFPARLHERMKQVAHEYGASALHFLLAAMHVYLSRTGQRDEWVVGLPLLNRSGARFKSTLGLFTQVSAVRMGF,,3-hydroxydecanoic acid,OC(CC(CCCCCCC)O)=O,LCFA,,,,,,,
BGC0001363,COND0001363-RSp0641-00,Condensation_Starter,2695..2991,ERYPLVPAQKGIWFECQISHEAALSYNTTTVLGLRGALDHAALARALQQVVDRHAALRSVVEADGEHQRVLPAVEVGLPLVDFSREADRDAAIGQWFVDNNHRPMDPGHGPLVRACLLRKGEAEHLLAITFHHVIIDGYSQEIVLQELAACYRAACRGGAPGLPAASPFREQVERHQAYLRSDRYQQDRAYWRGQFGSLPPSLELSGRHARPSAPSHRARRHHLTIDGERYARLQQLSRKLGGTLFMTMLAGVAVLLQRLSGQAQMVIGVPMVVGRAEGSEASLVGCTLNLVPVRCD,,3-amino-2-hydroxyoctadecanoic acid,CCCCCCCCCCCCCCCC(N)C(O)C(O)=O,LCFA,,,,,,,
BGC0001370,COND0001370-cda2PSI-00,Condensation_Starter,7..319,RHGLTSAQHEVWLAQQLDPRGTHYKTGSCLEIDGPLDHALLSTALRHTVSETETLCSRFLTDEDGHPYRAYCPPAPEGSDAVEGPDHVPYTPVLLHHIDLSDHADPEGEAQRWMERDRATPVSLDRPGLSSHALFTLGGGRHVYYLGVHHIVIDGTSMALFYERLAEVYRALRDGHEVPAHSFGDTDRMVAGEEAYRGSARHERDRAYWTGLFADRPEPVSLTGRVGARALAPTVRSLTLGPERTGVLGRAAEATGAHWARVVIAGVGAFVHRMTGARDIVVSVPVTGRYGANARTTPGMVSNRLPLRLAVDP,,"2,3-dihydroxyhexanoic acid",CCCC(C(C(O)=O)O)O,SCFA,,,,,,,
BGC0001370,COND0001370-cda2PSI-00,Condensation_Starter,7..319,RHGLTSAQHEVWLAQQLDPRGTHYKTGSCLEIDGPLDHALLSTALRHTVSETETLCSRFLTDEDGHPYRAYCPPAPEGSDAVEGPDHVPYTPVLLHHIDLSDHADPEGEAQRWMERDRATPVSLDRPGLSSHALFTLGGGRHVYYLGVHHIVIDGTSMALFYERLAEVYRALRDGHEVPAHSFGDTDRMVAGEEAYRGSARHERDRAYWTGLFADRPEPVSLTGRVGARALAPTVRSLTLGPERTGVLGRAAEATGAHWARVVIAGVGAFVHRMTGARDIVVSVPVTGRYGANARTTPGMVSNRLPLRLAVDP,,3-propyloxirane-2-carboxylic acid,CCCC1OC1C(O)=O,SCFA,,,,,,,
BGC0001389,COND0001389-AHZ34238.1-00,Condensation_Starter,9..305,TYPLTAAQRDIWLDQAVNSDIPLYNLVGYAPIKGNIDGERLQRAATKLIRRHDALRMVLLHGTGDDGLPVQAFVDHPSLQMTLHDFSGHEDPDTAIREFVRARAQVPFKMDGSPLIRMQLLRVSENLSCFCLEAHHLIIDGWGISLLLTDLAELYEADDASDDSQAPSYVQFIQDDIAYRYSKRYARDQDYWLNKYQDVPEPLLEPRHRSGSGLAPSGQVSRSYPPALLERIDQVAQPLQCSRFQVLMAALYVYFMRTSRREEVVLGLPILNRSNANFRKTMGLFTQVSAVRLRFDA,,,,,,,,,,,
BGC0001393,COND0001393-SLUG_08110-00,Condensation_Starter,4..122,LYELSPQQKGIWSRIQQYRENNEYLIPLVIQLDEGIKKEDVESALNEIIKSNSALRVEIMMGKFPKQLIHEKVNIELRNINLIDNENDFEYQIKKYIEEPMSLYQKLCDFKLFQHKKKT,,,,,,,,,,,
BGC0001406,COND0001406-tlo20-00,Condensation_Starter,10..303,YRASSAQLGIWVAQQLQPDSPLYNCGVFYDIDAPVDPVLLDRAVVRAVEDTAALRVRFTEDDEGLWLRTVPEAATPRHVDLGGEEDPYAAALAWMRDDLATPVDPARDTLYGHALLTLAPNRHLLVFRYHHIALDGWGQILHCRRIAELYTAFAKDADTPATPFGTLHDLLADDAAYLGSPAHARDAAYWRATLADPPEPPRLAAGSEQPAHSELRAGARLSEPQVAALSAAAGAARTRWTVVLVAAVAAYLHRLTSVRDVVLGFPVAARTSRTALTTPGMLANEVPLRLHVHP,,,,,,,,,,,
BGC0001414,COND0001414-griA-00,Condensation_Starter,7..296,LSAAQREIWFSQQQDLENPLYRVGEYLDISGDIDLTLFERALRTVVAQTETLHVRFTEGQEGPEQVVERKEDWDLPVIDLSDVDDPLSVAERWMREDLGRSIDITVGPVFSYALFRISRNRVVWYQGYHHIAMDAFAMGVVARRVADSYNRLSRNEGVLGGDDSVALLLDDDASYRASEDLARDREFWMGRLADLPEPVELAGRTAPASGKFHRVSMTFSDVHGGDAVRGDRDLRGWAVTLTAAAAAYVYRATGQVDFLLGFAAAARPGADLKQVAGMMSNLLPLKLTVS,,acetyl CoA,CC(O)=O,SCFA,,,,,,,
BGC0001416,COND0001416-AL066_08465-00,Condensation_Starter,11..308,QPHELASVQQGIWLDQMAHPELPYYNIGMVLEIKGRIDVQLLEKAIELIANRHDALRLSFSHEGGVARQSVLPSIEVKLDVVDFSEEDTAAGLAMAYVREAFRKPFDKLTGKLWEARLVRCGPERFYWLNRYHHLVTDGASVSLIGHAVSDAYNGLLAGDDNPPEGHSYISFLAEDRSYIESTRFERDRAFWHEKFAQLPPALLQQRVAVAGSGIAPSAQAQAMMPRALFDGLAQFASGHGMSLAHVLMTVLATYFCRTEGVDEIVIGMPVHNRTTARQKATVGMFSSLSPILLEVDP,,,,,,,,,,,
BGC0001416,COND0001416-AL066_08505-00,Condensation_Starter,8..308,ESYPLTAAQRDIWLDQMTQGDSPLYTIGGYIQIKGRIDPERFQRAIELLIQKHDALRTVLLPNVGEAGAPMQALAAAMVEKIELQDFSGHADPEAAVQAWMQQQIEIAFPLDGRRLFRFHLAKLSETSFYFVAHVHHLIQDGWGISLMFDSVGELYSALENNQQPDLSAPSYVEFIHDDARYRDSPRFARDQAYWLEKYRDVPEPLFVARYRDQYPDRGAPSRVVTQRYAHSLNDRIDALAQSLQVSRFHVLLAALYVYFVRTPERDELVIGLPILNRSNANFRNTLGLFTQVSAVRLQFS,,,,,,,,,,,
BGC0001437,COND0001437-obaI-00,Condensation_Starter,6..295,TALTSAQQSIWMGHQFDPQSPAYNVASYIEMSGDIDPQRLQHALQRAVDDIEALRARFHEDETQGGALTQTILAQVAVELNVFAVDAEQARSWMESDLARPTDLTSGPIFSSALLQVAPNVNYWYFKTHHIVMDGVALSMLFKRVADLYGQAPDLCSPSPFGSVRQVLENEQAWRASPAFAQDREFWQQHCQDMAEVASLNSDVAQPSYQAIQHRRVLDESIMASLRERAEAMDSQWVNVLLAAFGAFVGRSTGYRQVTVGVPMMNRFATGAINVPCTLANVLPLRLDIK,,"2,3-dihydroxybenzoate",OC(C1=CC=CC(O)=C1O)=O,AR,,,,,,,
BGC0001448,COND0001448-mlcK-00,Condensation_Starter,6..298,RAVTAAQAGIWFAQQLKPGNPLYNSGAYFEIDGPLDVAAMRAAVRRAVTETEALRVRFEESPEGLHQVLQDFDAPLTDIDLSDAPDPHTAALDWIRQDLATPADLTRVPAFEHALLRLGPQRFYFHLRYHHILMDGYAHALYCRRIAEIYTALASGRPPKPCEFGTLQQLLDDDTEYRASRRRERDEKYWLETFVEVPELASLAGRSVPAAPSTLRREVELPRRTSELLAKAAAELGVPWSVVAIATVATYTSRLTGLSDVVLGLPLTARMSKVALRTPGMVANDLPLRVTVR,,"(2E,4Z)-8-methylnona-2,4-dienoic acid",O=C(O)/C=C/C=C\CCC(C)C,LCFA,,,,,,,
BGC0001448,COND0001448-mlcK-00,Condensation_Starter,6..298,RAVTAAQAGIWFAQQLKPGNPLYNSGAYFEIDGPLDVAAMRAAVRRAVTETEALRVRFEESPEGLHQVLQDFDAPLTDIDLSDAPDPHTAALDWIRQDLATPADLTRVPAFEHALLRLGPQRFYFHLRYHHILMDGYAHALYCRRIAEIYTALASGRPPKPCEFGTLQQLLDDDTEYRASRRRERDEKYWLETFVEVPELASLAGRSVPAAPSTLRREVELPRRTSELLAKAAAELGVPWSVVAIATVATYTSRLTGLSDVVLGLPLTARMSKVALRTPGMVANDLPLRVTVR,,"(2E,4Z)-8-methyldeca-2,4-dienoic acid",CCC(CC/C=C\C=C\C(O)=O)C,LCFA,,,,,,,
BGC0001451,COND0001451-BCRE_RS14180-00,Condensation_Starter,1..283,EIWLAQQLRKDLFINIAEYLQIDGVLDIALFMDALHRVLQEAIVLHVNFSGHVDRPVQFLRTSKGCAPSFIDVSAQSDPFFAAQRAMRELAHSPFDLGQDALFRWCLIRLSDEHHIFFHAYHHIVMDVAGYVLLLERVAEVYRALRSDLPLPACRFATASAIVDDEVRYRASEQFAVDRAFWQARAALQAKAEPPLPLSGEPFLAFAESAVIPEAGRLSLKAAAERLGVSLSRLLSAAIIAYFRRWDGQNEMRFRLAVSARSEVTMQAPGNMAHALPLQASFT,,,,,,,,,,,
BGC0001451,COND0001451-BCRE_RS14195-00,Condensation_Starter,1..285,QMDIWMVQKIAADYPNCIAEYLHFRGALDGPHFLGALHCVAREASELRCNLHHDGVRLIKYQRDLAEWVPDFIDVSTEANPEATALSIMRSQVVKSVDMRTDALFRWCLIRLSDEHHIFFHAYHHIVMDGVGYVLLLERVAEVYRALRSDLPLPVCRFATASAIVDDEVRYRASEQFAVDRAFWQARAALQAKAEPPLPLSGEPFLAFAESAVIPEAGRLSLKAAAERLGVSLSRLLSAAIIAYFRRWDGQNEMRFRLAVSARSEVTMQAPGYMAHALPLQASFT,,,,,,,,,,,
BGC0001455,COND0001455-antaC-00,Condensation_Starter,32..326,RRPLSGAQEGLWYAGRLAPDSAAYNTAEAVEVHGPLDTGLFEAALRRTVGEADTFALRFVDTDDGPRCRRAPDAADWSLHRVDVSGAEDPEDAAWACVRADLATPVDTEKGPLFSHTLLTLAPDRFIWLLRAHHILLDGYSYKLLGRRLAQTYNALAEGREPDPSGFEPVSRLRAEEEAYRGSERYVRDRTHWAGRLAGLPEPARLTSRTAAPTAPFLRRTAVLEPAEAAALDTAAARLGVSRTDLLTAATAVYLHRMTGAEDLVLGLATMSRLGSAALRTPGTASDVLPLRVAA,,,,,,,,,,,
BGC0001502,COND0001502-AHA_2476-00,Condensation_Starter,1..292,NRFPLTIPQQGLWSGHLLNDDKAMFNTAECIAFDGKVEAAVLAAALAKAVGECEALKGYFEDDKEAVCFVSHELPLAYEEVSLERDDETLARAWAWADLRRPFELTQEAPCRFALLRGPGRDYLYSCVHHIALDGFGTTLLFQRIAELYAEGLAGEMNSPSPFGSLAEVLAEEASREQSGKNAAARVFWQEQLQGWPEVKSFGETRAPIAADFIRESRPLPAALWQSLTGFADEHKLGWPDLLLAGLSAQLSLSSGQDKTLLGLMMMNRIGSASLTVPCMQMNITPLALELE,,"2,3-dihydroxybenzoate",OC(C1=CC=CC(O)=C1O)=O,AR,,,,,,,
BGC0001509,COND0001509-A8O26_RS13975-00,Condensation_Starter,17..315,TFALTAAQRDIWLDQLSRGDSPLYNIGGYVELTGPLDPLVLHSALECLVAANDALRIVLLADVGRDGLPLQGFAQALPVAMPLHDFSAHRDPRSAAQALVEEQMAQPCVLSGQPLFRFCLIRLDHQRHWLAGQAHHLIIDGWGFGLLFKAVGEIYSALCRGERPTLAAPSYVGFIEDDAHYHQSARYELDQRYWLDKYRSIPEPLLTPRNHEPLDPAKAPSRIHVEAFPALLHERMKDTARQLGGSAFHVLLAALHVYFSRTAQRDEWVVGLPILNRSGARFKSTLGLFTQVSAMRMGF,,,,,,,,,,,
BGC0001519,COND0001519-STRAU_RS01715-00,Condensation_Starter,8..320,ASAAHKGLWLAQKMTPDTLNHAMTMWEVNGALDTAAMESAFRHVMDEAEVLRVNFVDDDNGLRLAVQDLGDWRPFFLDLSAEPDPDQAAREALADIVKQPFDLEHDLLFRLGAVTLAPDRCLVVLAYHHLISDGFGAGGLLSRRLAEVYTALVSESEIPPQPHPWDAASFANEATRYLASDTFTEDTEFWRDYLKDAPAPAQVPRIALTDTQRSALDEPMSSADRWSEVAGSIGMVSRTLTVPRAEADTWTQAAQSMGVWMSSMLTAAAAVFFRHRCDHPEFLLSLAVGNRVGAAATTPGLAVNVVPVRIKVP,,"(R)-2-hydroxy-2-((2S,5S,6S)-2-hydroxy-5-isobutyl-6-methyltetrahydro-2H-pyran-2-yl)propanoic acid",OC([C@](O)([C@@]1(CC[C@H]([C@@H](O1)C)CC(C)C)O)C)=O,LCFA,,,,,,,
BGC0001524,COND0001524-Sulba_0748-00,Condensation_Starter,4..300,YALSSPQEAIYIDSLLYSETTKYTMGGFALLSGRIDVEIFKKAHAITLTLHDVFLSKIETRHGKIVQSSPHEPYGVYFKDFSTSVDSYRAGVEFILEDFSHPIPINAYPLAADMLLKVNEELYIWYTKLHHIMNDAFGHALFAETLSEIYTALFYKQELPVKERHRYVDFVEDDNAYLHSETFLKDAAFWMEKFKTLPEPISFSGSKDGLCEQEALKTERMTLTLSRLCYNDMLRICSENSFTSFHFLLAVLYTYLYRTKNRNDIVIGMPILNRNNKKFRNTSGMFMGMIPLRIKME,,,,,,,,,,,
BGC0001536,COND0001536-ATY37608.1-00,Condensation_Starter,7..302,LFPLTQPQQRIWYSELLYPNTGVSTISLTIKMKGNINLSALQQALNMIICRHDVFRIKITAQNGYPQQYLEEYSDKTFECFDFSGVDREAQALKWLDQHSRTPFELLHSDLYQFVICKISDQEYWYNVKIHHIVCDGISARMFINQANEYYSQIASGQLPEIAENHSYFDFIQTEQDYEESDRYQKDKTYWVDKFSTLPEVIGFKSYNPFTLSTAGKRKNIILEDSLYHNLYEFCKQTKNSMLTVFMTALYIYMHKKTTQNDVSIGTFYANRTTKKEKEMLGMFVSTVPTRVYVDP,,,,,,,,,,,
BGC0001567,COND0001567-SLINC_RS04020-00,Condensation_Starter,0..283,MWFGQRLDPAGPAYNVGEYTEIHGPVDPALLRAAIRAVVDATETLRVRFVADDDTVRRIVEAAPHWDLPVVDLTGEDDPRTAAETWRAADFTTPFALDRAPLFRYALLKFADDHWIWYQRYHHIAVDGYSCSLVAARVADAYTALAAGTAPAPPPAPLAALVAEDAAYQAGERHASDRTYWTEALADRPESVSLSTRPSRVAGRFERRTGHLPQAAGDLVHACAAGAGTRWSRVVLAATAAYLHRLTGAREIVLGLAVTGRESETERATPGMASNVLPLRLTVR,,,,,,,,,,,
BGC0001574,COND0001574-ATY72525.1-00,Condensation_Starter,9..303,RRPLLAAQEGIWTGQQLDLDSPAFNTGEYVEIHGPVDTAVFERALRDTVAEVEALNVRFVEDEGQPWQVTVPATDWRPHTADLTGLADPRAAALDWMARDMDRPVDLTREPVFGHALFRIAEDHFLWYHRVHHIALDGFGLALVARRVAETYTALVEDAPLAPNGFGTLESVRAEENAYRASERCAKDRAYWTERFADRPAVASLTDRHALPARTFLRRVVDLGAADVEPLRALARELSVTWSDVLVAATAGYIHRVSGARDVVLSLPAMGRLGSVSLKVPSMVRNVLALRVAVE,,,,,,,,,,,
BGC0001599,COND0001599-I35_4189-00,Condensation_Starter,6..308,QLPLSAPQRDFWEAALAYPVPSTHIYAAEYFDIRGALDTGAFERALRQVIREAQTLHTTRIVLDGDTPVRVLDAALADDWTLEHVALAGTKDAHAIALAGMRAHCTGAIELARGPFFRHTLYRIAPDHYYWYHGYAHILVDGYSGSLIATRAAELYNAFASGAKAPPARFASLAELQLDEDAYRASEQFAHDRRYWLERFADQPRTVTLAGPARFPERDDGPDLRETRLATATESARLEAVARDLFTSTVPRLVTALTAAYLYLNTGAHDIVLSVAAMARTSARERRTPAQCANMLPLRLHVE,,octanoic acid,CCCCCCCC(O)=O,MCFA,,,,,,,
BGC0001608,COND0001608-AAW51_RS13560-00,Condensation_Starter,1..282,LDPGVPSYNLGAMWQIEGDLDPVLFESVLNELAAAHDALRLVLQLEAGVARQRVLPELEVKLPVIDLSMHDDARDRAWQHAQTSFATPFQLYGEPLWQTQLLRVGPSSFYWLHRMHHVIGDGATVSLTYLAAWDLYKRRLAGDTTPLEPGPSYLEFLDDDSAYLRSPRYQRDEQFWKQRYAQLPAPLLPVREGVEQRQALPSGQTSLYIERPRLRRFKALAARFGCTLPHAMLALLAAYFARAHQAPEVVIGVPVHNRGTARQKRTWGMFSSIIPVAIDVDP,,,,,,,,,,,
BGC0001614,COND0001614-PL8927_110045-00,Condensation_Starter,2..298,QVLPLTINQREIYIEQMMWPEGTHLNIGATVTVHGAFNIEVFNEAMNRVICYHPGLRTRIYELEGNPLQTIALHKDTRVKLVDFSTYENSEEQAEDYINKQFIQPFHFGKDACLVDFQLIRTSSQKHIIFAKYHHTITDGWGTAIFFREVIVTYNQILKDGVATQTQKDWSLVEYLQQESEYLKSDNFQRDRDYWIKRLQGLSPKLFSQIQPQKLIGQRQSIYISRQTYDRVSSLCLAIQSNIFHFILSILTICLSNRYEKKDLVVGLSLLNRNKKNFKDAINLFVSTIPFRLKIDD,,"2,3-dihydroxyhexadecanoic acid",OC(C(O)C(O)CCCCCCCCCCCCC)=O,LCFA,,,,,,,
BGC0001623,COND0001623-iga5-00,Condensation_Starter,19..321,VLPLTAAQAEIWFDEQFATGPLGYNMADYIDLRGPLDADLLGRALGRLGHEAEGLRVQFVEEDGAPGQIIRPLAQLPLKRLDFADEPEPSVAAEAWMRADHADPLKVTDFPLFRGALIHLGPEHHLLYLCMHHILADGFSRALLYPKLATLYTRLAAGEDEHALDADAMPPFHRLLDAERDYLDSAHVERDRKHWTTRLTAGAHGPAPELVSLSARQPAPGRSALRHTARLSAEATDAVRALARDGKVTMPVVMVAAAAAYTRRATGVDRPLLTLPVTGRVGAASREIPGMLANYLPLAVPVR,,,,,,,,,,,
BGC0001628,COND0001628-orf4-00,Condensation_Starter,4..287,AAQRAMWFGEQLDVAKAAYNVGEYTEIHGPVDAEQLRAAVAAVVTATEALRGRFHAAGGEVRQLVDASPQWSMPVVDLSVAPDPYQAAREWMAADFAVPFDVAAGPLFRYALLRLAEDHAIWYQCYHHIAIDGFSCSLVAARVAETYTTGTAPPPAPIADLVDEEAAYHTSAQRDADRAYWEAATAGMPEPVSLSSAQPTVSGGFLRRTANLAPHTGQAVHTVAERAGTRWSRVVIAAVAAYLHRMIGAGEVVLGLAVTARNSERARAVPGMASNVLPLRLPVS,,,,,,,,,,,
BGC0001657,COND0001657-lesA-00,Condensation_Starter,4..298,QSFALSAPQLEMWFAQEFSPDNPYYDTRCYIDLRGPLDIDRLRRALQTAVGEADTLHLRLQRGAEGPVQRLQAAPELPLAVLDLSAEADPCAAAQAWMSAAASRVIDLQGAALGEAAVLSLGPQRHWLYQRYHHAVMDGYSLPLLVARAAELYDACGRGETPPPARFGSVLEVIEEDARYRASERFGKDAGYWRQVLADAGERVGLDGRAPAQSVGFHRASIAVDAALAQALAEGERRSGAKWPQLLTAAVAAYCHRVCGRERMLFDFPVANRAKSNRNTPAMLANVLPLSLRFA,,(R)-3-hydroxy-5-methylhexanoic acid,OC(C[C@H](O)CC(C)C)=O,MCFA,,,,,,,
BGC0001686,COND0001686-BN712_00198-00,Condensation_Starter,4..294,LYNLTNPQKSIWLMDQVNPGTNLNNIGGPVLINDSVNVPLLEKALNLYIEKNEATRLRIKLVDSSPMQYVADYSYFTIPVTKLKNEKELEDWNQKIIDTPFNVFDSNLYSLSIFVLPDGRGGFNATLHHLITDAWSMSLLITEVMSNYSNLIHNNSVDYVFPNYTDFIDAENNYINSEKFPKDRLFWDEYFENCPELCSISSNNINSNMIAKRKSYILNSDLFAKINDFCKLLNCSVYTFFMSIYSIYLSKLTNISEPIIGTPVLNRTNFKEKHTSGMFISTVPFKAKVDS,,octanoic acid,CCCCCCCC(O)=O,MCFA,,,,,,,
BGC0001695,COND0001695-natB-00,Condensation_Starter,7..309,VRPLSGAQEGIWFAQRLDPANAAYNTGESTEIHGPVDTGLFETALRRAIAEAETFGLRFTETEDGPRALLPPAGDGGAGGDGHDWPLHRVDVSAEPDPRAAADAWMRADLATPVDLTEGPLFTEALFTLAPDRFLWYQRAHHILLDGYGYTLVARRVAEIYSALEAGRDPGRGFPSLTRLLSEETAYRASERFAADRAFWTERFADAPGAVSLAEGTAPPSPASLRRATILGAAEAERLSAAAARLGAGRAELFVAAAAAYVHRVTGAPDVVLGLPTMNRFGSAALRTPGVVSNVLPLRVTVR,,3-formamido-2-hydroxybenzoic acid,OC(C1=C(C(NC=O)=CC=C1)O)=O,AR,,,,,,,
BGC0001715,COND0001715-octA-00,Condensation_Starter,7..298,LYALTQAQRRIWNMEMMYPNTTVGAIGGTLFIRGHVQTDVLMQSVYKLIREHDAFRIRIAPSEAEPMQWFEEESNIIPECDYLEMGSVEEAKEWQERFNRIPISIFDEKLYHFCVFNINNEEHWFNLKINHIIADGVASHLIVNTVMQNYMDLLNGTVPDQKAKSSYLDYIYAEQEYERSERYQKDKAYWLDKFKSFSEITAIKPNTPYAISTEARRASVPLTHKRYEQLKQFSEQNNVSIFTLFLASLYILLHKVTGNQDITVGTIYANRTSKQEKETIGMFVSTVATRML,,3-hydroxydecanoic acid,CCCCCCCC(O)CC(O)=O,LCFA,,,,,,,
BGC0001716,COND0001716-XNC2_RS10330-00,Condensation_Starter,9..318,VIPLSQQQKEIYLDHINREDTTGLNIGGYVEINQPININNLECAIKETLQEHTILRCSIIDRLSMAQTIDPDNLEDTVEFAHVVKDHHFELSHLDLSGEDEAESKALVIVEQIFSEPFRLEQDVLYRVGLIQLAINRFWLYFISHHIIIDGVGYANWLRHIFDTYQQLNLGNAPRKNIGEQFLDFAAQPIPENYSQQFARSAHYWKELLRYLPDVPFQCRKETTVSTDLRKNSRLIHFIGPDSYKSFLTRAKQGNLPILPLFITAIASFVNRINQSDRVLIGTPLHNRITSAQRNMVGSFMSMLPVMCVQ,,,,,,,,,,,
BGC0001752,COND0001752-ctg1_orf1264-00,Condensation_Starter,11..313,LELTRAQEGVLAAQRIDPDNPSYNVGQYVELRGAVDTAALEEALRRTLAEADGLHVRLAERDGRTVALPVPFDAAAWHLPRLDTTGAASPVDAAVELVRDQLACPPRLEPTDGSGAAPALTGSLLVTVAPDHHLWFQYFHHLVVDGYSVALFTRRVAAVYTALVRGEEVPASPFEPVARLADADAAYLASGKPDDDRAYWTARHAGRPRVTGLTEQTAQASRTSLRHRTSLGAERSAAVLDCAAAVRGTWAEAATAAVAAYLHRMTGTTDAVLGMHFMARSAPGTMRVPGMAVNVLPVRLAVE,,"2,3-dihydroxybenzoate",OC(C1=CC=CC(O)=C1O)=O,AR,,,,,,,
BGC0001758,COND0001758-RBRH_RS12370-00,Condensation_Starter,7..296,TTYALSAAQTEIWLAQQLYPDSPVYNIAQYTVIEGVIEPAVFEAALRQVIDEADTLRLQFIDSDDGLRQRIGTPAWSMPVLDLTAQADPQAAAQAWMRADYQQPVNLTQGPLFCYALLKVAPAQWMWYQRYHHIMMDGYGRYLIAQRVAYVYSALCEGTTPAECDFGSILQLLESDAQYQISAQRAQDEAYWLKHCANWSEPATLASRSAPVLQQRLRQTTYLAIQALGDTAPDARRLAQFMTAAMAAYLYRFTGEQDVVLGLPVKVRFGADRHIPGMKSNTLPLRLTMR,,acetyl CoA,CC(O)=O,SCFA,,,,,,,
BGC0001767,COND0001767-ctg1_orf20-00,Condensation_Starter,12..303,GIPVTSGQSGIWLAQQIEPDSSAYTVSFTVHLRGDVDLDCLADAIRQVSEEADCLHVRIGDEDGRPRQWPRRFPVEVRTVDLRGADDAEHIAWEWMEADRRGAPGLDQDGPLFAHTLIRLEDDRLLWCQRYHHMVIDGVGVALISRRVGDIYTAAEPAGEVDWSLSRLLDSERAYRASKQYHADRDFWLDRFADRPEPVRLVERSASLISRRFRHTTELSQQDTARLRSTAADAGVRLSALLVAAVAAYTHRVTGARDLVLGLPVTTRRDPTAADVPGMVSNTLPLRLSVHP,,,,,,,,,,,
BGC0001791,COND0001791-YC6258_RS23075-00,Condensation_Starter,11..304,LIPLHTSQENVYFEQLLYPEDPIYNIACYQVLDSANTHREKLKHCWETLHEHLDALQMAFHEDEEGYLYQNPVEDRNAIFLENDFSLRENPEAEALRWMESRLSIPMDFMSGYVSELSLLKVSDDKHFLFFRFHHIATDGMGVHIFLEYFHKLYEDTTNNDDTFWLRSIPDYKTIAANSKNYLGSSRYENDKNYWQEKLKGMVVTKLENFHDSKGSNEVTYKLPKTLSDSMKLFCEQHKISYLILLSSVISVYFSNLLNRPDIAFGTIVHGRGDAKSKKTVGMFSNTVLIKCDI,,3-hydroxydecanoic acid,CCCCCCCC(O)CC(O)=O,LCFA,,,,,,,
BGC0001796,COND0001796-BrL25_22185-00,Condensation_Starter,5..306,QIYPLTHSQKRIWFTEEFFPNTSISNIGGLIRLQAERLDYALLQKAIQTFIQMNDSIRLRIILDSQSNEPRQYIAPYHQEVLPMLDFSEKTDQDELYSWAKEKFQTPFELLHKPLFKCSVIKCSEQEGYIYLKTHHIITDGMAYVQIVNHIISIYTELLTGTDVLESKYMGLPASFIEFIHDEEKYTSTARFQKDREFWHEEFSTLPEFTGFKAYDAYSVSTKARRKRIVVPQDLRNQAQKFCTENNISIFTLFMSMFHAYVYRLTGQTDITIGTTCNNRTQRKEKDMIGMLVSTMPFRFQG,,7-methyloctanoic acid,CC(CCCCCC(O)=O)C,MCFA,,,,,,,
BGC0001806,COND0001806-APU91750.1-00,Condensation_Starter,3..301,QTFPLTASQKAIWLDQISQGDSPLYNIGNYLEIQGPIVPEVMQRAVQLMVDKHDALRLALVDETDADGVPLQAFVPAIKVDVPFLDFSTQADPVGTAMAFVEEHMARSFPMTKAPLCRFFLIKLADTHYWSIYQAHHIILDGWAFGEMLQSLGALYSDLLEGRQPDMEATSYVDFIHDDLRYRESARYAKDHDYWQAKYQSLPEPLFAARHHNQFAKGKAPGRHYARPFPVALHERMGELAQDFQASTYHVLLAAMYVYFTRVTQRDEWVVGLPLLNRTGKFKGTVGMFTQVSAVRFSL,,glutaric acid,OC(CCCC(O)=O)=O,SCFA,,,,,,,
BGC0001825,COND0001825-XNC2_RS11345-00,Condensation_Starter,11..305,LYPLHPSQEDVFYEQALYENNPIHNLNWYTVIEEEVDITLLQKVWNVLHQHIDMLRLRISVNADNEAIQYLEEQSKPEAIIFHDVAMQAEPEKSAILWMKQHLEIPMDYLKETPYQIFLIRLADEKYYFFTKIHHIMIDGVGLYRLHKYVHKSYKCFKHGTSIAWLSDIPQYLTTITKAREYLSTIHYEEDKKYWLNFLKENEIHQLTPYYKNTGPGNSTLILPLQTKKDLLVFCNEHKTNLLAVFSGLITIMMIELTGQQELVFNTITHGRREKAEKYVVGMQTSTYPVYCHIS,,2-phenylacetic acid,OC(CC1=CC=CC=C1)=O,AR,,,,,,,
BGC0001826,COND0001826-Xekj_RS17945-00,Condensation_Starter,12..305,YHLHPAQENIFYEQLLYENKPVHTLNWYTLIEENVDITLLQKTLNLLYQHIDTLRLRIFINAENEVVQYIQEQSIPTLINEYDVSTLSDPENHAFLWMKQQNNIPIDYLNEIPYQFTLIRLSNEKHYFFTTFHHIFIDGVGLYRFHEYVYKLYTCLKNGTSTTWLSEIPQYLTAVKKARTYLNNLNYEDDENYWLDFLKKNEIHQLTPYYHNKGSDNQTLTLPLSVKNDLRTFCHENNTNLLAVFSTLASIVIAELTGQQEITFNTTSHGRTTKSEKYVVGMQANTYPVHCHIS,,2-phenylacetic acid,OC(CC1=CC=CC=C1)=O,AR,,,,,,,
BGC0001826,COND0001826-Xekj_RS17945-00,Condensation_Starter,12..305,YHLHPAQENIFYEQLLYENKPVHTLNWYTLIEENVDITLLQKTLNLLYQHIDTLRLRIFINAENEVVQYIQEQSIPTLINEYDVSTLSDPENHAFLWMKQQNNIPIDYLNEIPYQFTLIRLSNEKHYFFTTFHHIFIDGVGLYRFHEYVYKLYTCLKNGTSTTWLSEIPQYLTAVKKARTYLNNLNYEDDENYWLDFLKKNEIHQLTPYYHNKGSDNQTLTLPLSVKNDLRTFCHENNTNLLAVFSTLASIVIAELTGQQEITFNTTSHGRTTKSEKYVVGMQANTYPVHCHIS,,3-methylbutanoic acid,OC(CC(C)C)=O,SCFA,,,,,,,
BGC0001826,COND0001826-Xekj_RS17945-00,Condensation_Starter,12..305,YHLHPAQENIFYEQLLYENKPVHTLNWYTLIEENVDITLLQKTLNLLYQHIDTLRLRIFINAENEVVQYIQEQSIPTLINEYDVSTLSDPENHAFLWMKQQNNIPIDYLNEIPYQFTLIRLSNEKHYFFTTFHHIFIDGVGLYRFHEYVYKLYTCLKNGTSTTWLSEIPQYLTAVKKARTYLNNLNYEDDENYWLDFLKKNEIHQLTPYYHNKGSDNQTLTLPLSVKNDLRTFCHENNTNLLAVFSTLASIVIAELTGQQEITFNTTSHGRTTKSEKYVVGMQANTYPVHCHIS,,propionic acid,CCC(O)=O,SCFA,,,,,,,
BGC0001833,COND0001833-icoS-00,Condensation_Starter,14..305,LELTAAQLEMWFSQQREPDNPLFDSRAYVDIGGAIHYPAFEAAVRRFIEEARILHFRFLETSSGPVQFEAGGDAFEPTFIDVSHEDDPFAACWNAMQAESNRPYDVLSGRLFSQTLFKLGDQRHVWYQRYHHIVMDGASIPLATRRVAAIYTALMRQAPVPEADFGAIDLMMSGDRAYRSSPRYASDRQYWQDYVHALPATETIAGAAPRASGFFNRASAPLPAAFIDQLDQIETRIAKWPLVLTAIVAAYLYRMSNGRITVFDFPVSARSKETRALPGMFANILPMRLPIT,,,,,,,,,,,
BGC0001833,COND0001833-icoS-03,Condensation_Starter,2619..2911,YALSPAQQAVWLQEQAARPGTSFFSVAAMRCAPEVDRMRLVAASRALIAQNQAFWIQVSDAGLQCEASTPTTRFQHFVEPTTMTDEAMQRAVIEWHEKLNEDPRDKSGAVAVFDSPGSVLVALRSPHVQNDGWSALRYFERIGRNYAALESDPARAFDMDRIFLDTLSLDERYLCSPTYERDAAFWQSACARIDGQPLVTLVADHAHPVDARGVVRSLRKVFPQTLQERVLNAARKLSLSPAECLTALTALYLMRITGERSTVLGVSFLNRTREALDIPGQFAKVIPLPVSIG,,,,,,,,,,,
BGC0001842,COND0001842-Pfl01_2211-00,Condensation_Starter,16..315,EAFPLTAAQRDIWLDQLRQGNSPMYNIGGYVELTGPLDPALMQTALEGLVARHDAMRTSLLPGAGEHGLPLQRFARSMPVPMPVHDLRSHPDPYAAARQLTQENIERLFTLDGGPLFRFSLLWLDDDRHWLSLQAHHLIVDGWGFGEMLKSLDEIYNALALGQLPPDSAPSYVDFIRDDARYFQSARYARDRAYWLDKYQHRPEPLLLPRYQERFAGAAAPTRIFSQVFPARLHERMKQVAREYGASAFHVLLAAIHVYFSRSAQRDEWVVGVPLLNRSGARFKSTLGLFTQVSAVRMGF,,(R)-3-hydroxydecanoic acid,CCCCCCC[C@H](CC(O)=O)O,LCFA,,,,,,,
BGC0001844,COND0001844-RBRH_RS16800-00,Condensation_Starter,34..322,TYPLSSAQTEIWLAQQLHSGSPVYNIAQYTVIEGAIDPTVFEAALRQVIDEADSLRLQFVESEAGLRQRIGSPAWSMPVLNLTAEAESQAVAQAWMRTDYEEPVDLMQGPLFQYALLKVAPKQWIWYQRYHHIMMDGYGAVLIAQRVAQVYSALCAEREPAPCTFGSVLKLLESDAQYRASAQREKDEAYWLKHCAHWPVPATLAGRAAPALQHRLRQTAYLATQALGDAASDVGRLAQFLTAALATYLHRMTRAQDVALGLPVTARLGANRHIPGVVSNTVPLRFTFE,,octanoic acid,CCCCCCCC(O)=O,MCFA,,,,,,,
BGC0001873,COND0001873-Xsze_RS17115-00,Condensation_Starter,4..302,QALPLTQYQKEIYYETQRNPESNQFTISIARVLKNNINFEKLFHSVNTVLENDITCRLRIIEHEGMLEQEIQNTVTNQAKIINAEGEEVNELFKKWSKRVFNLDEKSLLEIALLQNLKNNDTAIFIRAHHIVCDGWGINQLAKKIAKCYHDSLLIQDNVVTEEVLSDPCHFEKNVEKYTSAILEQEEILSQPETEQQITALAALAQHHDPAFFNRKKKTHLSRFVQHRHILTQAEMEKTLSQGINPYLAVMSAVAVLLSRIHNNTRLTMGVPLLNRRMSQLDIAGQWANTLPLAVTVNA,,hexanoic acid,OC(CCCCC)=O,SCFA,,,,,,,
BGC0001890,COND0001890-VIBHAR_01401-00,Condensation_Starter,11..305,QLLPLTDAQAGIWFAQLRDPENPIYKTGEYLVIDGKVDEPCFVEAVKTAIDEVDSLHAKFVTTTEGPRMVIDRQNWQVERIDFSQQDAPLDAAVDWMKSELKQPVDLEQGPLFVMALLKLSEDQFVWFLSLHHIAIDGYSMSLVAGRVAHIYGQLAQGKPFDKIEFVDQQALLKEDDDYKASEKYQKDRAFYLQRYADHSDTVNLAGKPTVTSDRFLRLKGAMEVDDFQRMESLAKQCRTHWYSVLIASIAAYVHRMTRSNEVVLGVPLMGRLGSVAIQTPAMRVNILPVRVSFE,,,,,,,,,,,
BGC0001918,COND0001918-smlB-00,Condensation_Starter,8..302,RPLSGAQEGIWFAQRLDPANAAYNTGEYVEIHGPVDTGLFEAALRRTVAEAETFGLRYTETPDGPRAVLAPDDDWPLHLVDVGDEPDPQGAAEAWMRADLATAVELTEGPLFTQALFRAAPDRWFWYQRAHHILFDGYGYTLVVQRLATVYSALVAGEEVPASRFAPVGTLADEEAAYRASERFERDRAFWTERFADAPGAVSFTESVAAPVPGARRRTTDLTAPEVARLTAAAARLGSDKAELLVLTAAAAYVHRVTGARDVVLGLPVMNRFGSAALRIPGMVSNILPLRVTLK,,3-formamido-2-hydroxybenzoic acid,OC(C1=CC=CC(NC([H])=O)=C1O)=O,AR,,,,,,,
BGC0001919,COND0001919-natB-00,Condensation_Starter,8..301,RPLSGAQEGVWFAQRLDPANAAYNTGEYVEIHGPVDPGIFETALRRTVAEAQTFALRPADSGDGPRATLRADGQWPLHSRDFADEPDPPAMARRWMDADMAEAVDLTEGPLFTQALFRLAPDHWVWYQRAHHILLDGYGYTLVAQRLAAVYSALATGAEPGESPFAPLDRLLAEEARYRASERRERDREFWTGRCAGAPAAVSLTEGTAAPSAGTLRRSTALSAATADRLAEAAARMGGSRPDLLVAAVAAYLYRVTGAEEVTLGLPCMNRLGSVALRTPGMVSNVLPLRLAVR,,3-formamido-2-hydroxybenzoic acid,OC(C1=CC=CC(NC([H])=O)=C1O)=O,AR,,,,,,,
BGC0001967,COND0001967-adeG-00,Condensation_Starter,17..310,LPLSSAQREVWFAQQLDVANPFYNVGGYLEILGPIDATLFEAALRQTVSEAEALHVRFVEQEGEPGQILEPPSRWPLHHIDVSDAPDPRAAAEEWMRADLAKPYNLAQGPLFRQALFTVAPDRFLWYEGSHHIVLDALSHSLIIRRVAEVYTSLVDDQPVPATRFGSLTSLLDDEAEYRQSARYEKSRTYWLNRFHDQPETVRLAGPPMAMPSTFLRRTAYLPHGVWQLVRKAAAETGTTVPNVITAAVAAFLQRMTNAREVVLGLAVTGRDSSWLRRVPGMLAHAVPLRIPIG,,"(2E,4E,6E)-octa-2,4,6-trienoic acid",C/C=C/C=C/C=C/C(O)=O,MCFA,,,,,,,
BGC0001968,COND0001968-cdeI-00,Condensation_Starter,12..307,RRTVSAAQWGIWVAQQLAPDAPHHNCAVAYTLTGPFDHDVLRRAVTQAVAETDTLRTRYSETKGRPQVTVLPAGEPELSFVDVAGQQDPGAAAEEWMRTDLATATDLTGRPPYTHVLFTLGNDRHILYFRYHHIALDGFGQYLYCLRLAEIYTALENGQVPGPATAAPLAQLLDEDEAYRASDAYTRDAAYWRTEFADLPSGTPLAGRTAPPAPGTVRRTAWLAQDRVDALLGPGRGAFGGWTGTLVAAAAGYLSRMLGRSDVLINLALAARRSRAELGTPAMLANELPLRLDVDA,,"(2Z,4E)-8-methyldeca-2,4-dienoic acid",OC(/C=C\C=C\CCC(CC)C)=O,LCFA,,,,,,,
BGC0001975,COND0001975-QBG38779.1-00,Condensation_Starter,38..162,RITSAQPGIRFAQQLDAANPICNVGEYLEIHRSVDVAVFEAALRRVVAEAENLRVTFVETSDGPRRYVHPDPEWQLQIISVSGEADPQEAAEAWMRSDLAHPQDPAVGPLFLFVLFRAADDRWF,,,,,,,,,,,
BGC0001975,COND0001975-QBG38784.1-00,Condensation_Starter,36..331,ERLPLTAGQSGVWFAQRLDPENPIYNIAEYVDIPGPVDTELFESALRHVVRETQALCVSFAEEAGQPWQTIGAAPAWDFPVIDVSGSEDPQATAEAWMRAEARTPVDPATGPLFAFALLKMGPERFWWYQRYHHVVMDGHGVALVAQRAAEVYTALCAGQAPGDSPFGPLRDLLAEEREYHDSGTRDRDRDHWTGLFGDRPEPAVLADGRPQVPRGLARQSATLPLGVAEGLRTVAREAGGSWPAVVIAAVATYLHRLTGSEEVVLGLPVSARTGRRARQVPGMVSNVLPLRITVS,,,,,,,,,,,
BGC0001980,COND0001980-lokA-00,Condensation_Starter,8..307,QTYPLTAAQLDIWLDQLSRGDSPLYNIGGYLDLSGPLDPARMQAALEALVARHDALRTILLPGAGADGLPLQQFARSVAVPMPIDDVSAHSDPESAARALVQARIDQPFVLDGGCLLRFLLIRLDEQRHWLSVQAHHLIVDGWGFGEMFKSLDEIYNALAHGQPTPVAAPSYIDFIEDNARYQASPRYAQDRAYWLDKYRQLPEPLLLPRHQQSLAGQTAQTQVYAQPLPALLHERMQQVARAFGASAFHVLLAALHVYFSRTAQRDEWVVGLPILNRSGARFKSTLGLFAQVSAVRMGF,,(R)-3-hydroxydecanoic acid,CCCCCCC[C@@H](O)CC(O)=O,LCFA,,,,,,,
BGC0001984,COND0001984-speA-00,Condensation_Starter,9..297,VRLPVTAAQLGVWVAQRLTPESPLYQCAVHFDSAPLDIEVLRDSVTRAVAETEALRARFGDDGEVHQVVAGTVDAPVDVVDLSAADDPEAAARAWMDQDLATVPDLEAGPLFRHALLVLSDARHFFYLRYHHIVLDGFGQTRYLGRLARIYTALLAGQEPDPARPRGLDVLVAEERAYQDSTHHADDRALVLERLAGVEERQSLTEGVAGASPRALRLSTVLPSELTGALTAVGHWPAVIAAATAVYHHRMLSVDDVVLGIPVAARRTPAALATPSMLANDLPLRLTVA,,"(2E,4Z)-8-methylnona-2,4-dienoic acid",OC(/C=C/C=C\CCC(C)C)=O,LCFA,,,,,,,
BGC0002014,COND0002014-OK006_RS36465-00,Condensation_Starter,7..298,TLPLSAAQRGIWFGCQLDPGGRRYRIAEYFDIRGPVDPVAFDAAWRQVVGETEALRVRFVDEADGPRQYVGPVEATAVELVDVSRRPDPEGAALERMRADLDRRLELTRDPLHTVLLFRLAQDRYFWYFQFHHVILDGYSGAMVVRRVAEVYSALVTGAPVVQPDPRPLRDLLDEDLAYRESDAFLLDQEYWGSRLADRAEPATLADRVSAEADGLVRSSAQLGTDEQRRLSESTGRALPTVMLTAVAAYLHRLTGARDLVLGLPVTARAGSATAGTAGMVSNLLPLRLTVT,,(E)-3-(2-((E)-pent-2-en-1-yl)phenyl)acrylic acid,CC/C=C/CC1=CC=CC=C1/C=C/C(O)=O,AR,,,,,,,
BGC0002037,COND0002037-PA3327-00,Condensation_Starter,5..291,RLPLSPYQRDIWVAAAQFPELDQYTIFSYDRFTGEVDTQALERALLQAARDTEAFRLRLGETDGTPYQWLDTDAEFEARHVDLRADRDPEAAVRSWLRDAFRHAYPLDGRSLVDLALLHSDQALYVYVRTHHIVSDAWGLQLFLSRVRAGYLGELGEPQAQMPTASLLAQLETDDYSGSEQYRGDRAYFAEALEGLEPALFTRRRPAGLRRTARHRLTLERTLLDAIRDRGESPFLFLSAAVALYLARIHQNDDVVLGVPVLNRADRAAKQVVGHFANTLPLRIRT,,(E)-but-2-enoic acid,C/C=C/C(O)=O,SCFA,,,,,,,
BGC0002044,COND0002044-DPH57_09150-00,Condensation_Starter,6..303,YQLSSPQHAVWLDQSLAPSLPCCNIGVVVQVDGVLDLARFEAAIAHVAQTNDALRIVLEQGADDCRQRFSGAAGQWLQRFDFSQLDDAHGQAWAHVKQVFGTPFDVYGPRLWCMHWIDVAPGQAFWLFCFHHLVADGMSISLIGNAVVDAYNRLMRGEALATQDEDASYRDFVTRDGEYFASPRHDKDRDFWAERFARLPEPLFQASARKARSDQPCGQVVWQLDRQAYARLSKVAAAEGGSSTNFLMAVLAAYFARVFQRSDEVVIGMPVHNRTGAAQRRTIGMFSSAIPVGIAVD,,(S)-3-hydroxytetradecanoic acid,CCCCCCCCCCC[C@H](O)CC(O)=O,LCFA,,,,,,,
BGC0002048,COND0002048-RBRH_03867-00,Condensation_Starter,8..296,TYALSTAQTEIWLAQQLHPDSPVYNIAQYTVIEGAIKQAVFEAALRQVIDEADTLRLHFIDSDDGLRQRIGSPAWSMPVLDLTSEADPQAAAQAWMRTDYQQPVNLMQGPLFCYALLKVAPAQWIWYQRYHHIMMDGYGQYLIAQRVAHVYSARCAGTALAACDFGSIRQLLESDAQYQTSAQRKKDEAYWLKHCAHWPGPATLASRAAPALQQRLRQTTYLATQWVDDYVLDAGRLAQFLSAAWAAYLYRMTGAQDVVFGCPVTARLGADWHIPGMVSNTVPLRFRF,,1H-pyrrole-2-carboxylic acid,O=C(O)C1=CC=CN1,AR,,,,,,,
BGC0002050,COND0002050-necA-00,Condensation_Starter,8..297,TCPLTTAQTEIWLAQQIHTNAPVYHIAQYTTIHGAIEPSLFETALRQVINEAEILRLRFIESDGGLRQYVDSPPWSLPLVDFSAEADPKAAAEAWMQAHYERPVDILCGPLFHYAVLKIASDRVLWYQFYHHIVMDGVGMHLIAQRVAHVYSAMCDKVEPEPCPFGSVRQLLESDAQYRTGNQWTRDEAYWLQYCTDWPEPTTLASRAASSLQHRIRQTSYLSSQSIGDYAADASRLAQLVTAAMAAYLHRMTGTQDVVLGLPVTARFGADRHTPGMVANVVPLRLNVQ,,(R)-3-hydroxybutanoic acid,OC(C[C@H](O)C)=O,SCFA,,,,,,,
BGC0002071,COND0002071-CWE01_RS05095-00,Condensation_Starter,5..304,VFPLSAAQRDIWLDQISRGDSPLYNIGGYAELAGPVNRTLLQRAVEQLVAAHDGLRTVLLPGAGADGLPLQTFAATLPVPFPVHDLRDHPEPLNTALMLIREQMQRPFALDGSPLVSFSLFCLAPDQHWLAIHAHHLSLDGWGFGQLLKALGEHYTALAEGDAVEIKGSSYAEFIEDDARYQASTRYARDQAYWLDKYRHLPEPLLAPRYHNRRVTDPAPSHTWVQAFPAALHTRMQQFAERCGGSAFHVLLVALHVYFTRTAQRDDWVVGLPLLNRGGARFKATLGHFAQVSAVRMAF,,(R)-3-hydroxydecanoic acid,CCCCCCC[C@H](CC(O)=O)O,LCFA,,,,,,,
BGC0002071,COND0002071-CWE01_RS05095-00,Condensation_Starter,5..304,VFPLSAAQRDIWLDQISRGDSPLYNIGGYAELAGPVNRTLLQRAVEQLVAAHDGLRTVLLPGAGADGLPLQTFAATLPVPFPVHDLRDHPEPLNTALMLIREQMQRPFALDGSPLVSFSLFCLAPDQHWLAIHAHHLSLDGWGFGQLLKALGEHYTALAEGDAVEIKGSSYAEFIEDDARYQASTRYARDQAYWLDKYRHLPEPLLAPRYHNRRVTDPAPSHTWVQAFPAALHTRMQQFAERCGGSAFHVLLVALHVYFTRTAQRDDWVVGLPLLNRGGARFKATLGHFAQVSAVRMAF,,(R)-3-hydroxydodecanoic acid,CCCCCCCCC[C@H](CC(O)=O)O,LCFA,,,,,,,
BGC0002075,COND0002075-A8O26_RS14270-00,Condensation_Starter,6..303,CPLSTAQQEVCLAISQSHSNLNYHLCDVIELRGELHLPWLEAAIRAQFLQTDTLRATFDIDPTTGTYAQHIQPADALPAKAFESLDVSDQADPAQASNELLEHLLDQDMDLQHGPLIRYVLIRLAPQHYRMIELASHLVVDGFGHGILFGNITAHYNALSRGETVEALELAPLSSVFDAQEEYRHSDMHKKDRTYWRQYCLKMPEPTQLVPGDAPLIKLNRLRKVFGGATLLQLRAAASEHQLRLSSILLALCATYLQRMTGQHELALGMPVAARQLKALRNVPSMVANILPLHLSF,,,,,,,,,,,
BGC0002078,COND0002078-QEO74981.1-00,Condensation_Starter,1..292,NLTDAQLGVWLAQQKAPESPLYNCGVHFELDGPVSATLLAQAVARAVDDTESLRVRFAEDATGVHQVPLTDVPELRFVDLGDADDPETAANEWMRGDLSVAVDLAVGPLFGHTLIRLGAQRYLLYFRYHHIVLDGWGQTLHCRRIAEVYTALSDGAEIPAAGFGTLADITAEAEKYRTSQRHDRDRAYWLDQFAHQADPVSLADRQAGPAHSDLTLTTWLSEAQSELMRDVAADARTRWTTVFVAAMAAYLHRMTGRTDIVLGLPVSARTTPLALRTPAMLANEVPVRLVV,,,,,,,,,,,
BGC0002079,COND0002079-QEO75073.1-00,Condensation_Starter,1..292,TLTDAQLGVWLAQQLAPDSPLYNCGVHFVLDGTVSPSSLTKAVAQAVEDTEALRVRFVEDADGVRQVPLDSVPRLRFVDLSDQPDPETAAQEWMRGDLSVAVDLATGPLFAHALIKVADERHFLYFRYHHIVLDGWGQTLHCRRIAEVYTALVDGLEPEPSGFGALEDVLAEDAAYRTAKRFQRDRGYWLDQFARHDDPVSLTDRPGGPAHSDLTLTTWLSDAQADQLREVAAGSRTRWTTVFVAAMAAYLHRMTGRTDIVLGLPVSARISPSALATPAMLANEVPVRLVV,,,,,,,,,,,
BGC0002092,COND0002092-steA-00,Condensation_Starter,17..315,TFALTAAQRDIWLDQLSRGDSPLYNIGGYVELSGPLDPALLHSALESLVAANDALRIVLLADVGHDGLPLQGFAQSLPVAMPLHDLSGQPDSQAAARTLVAAQMAQAFVLSGHALFRFSLIRLDQQRHWLAAQAHHLIIDGWAFALLFKSVGDIYSALCRGEPPRVAAPSYVGFIEDDARYHQSLRYEVDQRYWLDKYRSLPEPLLIPRHRESHNAETAPSRIHVEAFPAVLHQRMKDCARQLGGSAFHVLLAALHVYFSRSGQRDEWVVGLPILNRCGARFKGTLGLFTQVSAMRMG,,(S)-3-hydroxyoctanoic acid,OC(C[C@H](CCCCC)O)=O,MCFA,,,,,,,
BGC0002092,COND0002092-steA-00,Condensation_Starter,17..315,TFALTAAQRDIWLDQLSRGDSPLYNIGGYVELSGPLDPALLHSALESLVAANDALRIVLLADVGHDGLPLQGFAQSLPVAMPLHDLSGQPDSQAAARTLVAAQMAQAFVLSGHALFRFSLIRLDQQRHWLAAQAHHLIIDGWAFALLFKSVGDIYSALCRGEPPRVAAPSYVGFIEDDARYHQSLRYEVDQRYWLDKYRSLPEPLLIPRHRESHNAETAPSRIHVEAFPAVLHQRMKDCARQLGGSAFHVLLAALHVYFSRSGQRDEWVVGLPILNRCGARFKGTLGLFTQVSAMRMG,,decanoic acid,OC(CCCCCCCCC)=O,LCFA,,,,,,,
BGC0002092,COND0002092-steA-00,Condensation_Starter,17..315,TFALTAAQRDIWLDQLSRGDSPLYNIGGYVELSGPLDPALLHSALESLVAANDALRIVLLADVGHDGLPLQGFAQSLPVAMPLHDLSGQPDSQAAARTLVAAQMAQAFVLSGHALFRFSLIRLDQQRHWLAAQAHHLIIDGWAFALLFKSVGDIYSALCRGEPPRVAAPSYVGFIEDDARYHQSLRYEVDQRYWLDKYRSLPEPLLIPRHRESHNAETAPSRIHVEAFPAVLHQRMKDCARQLGGSAFHVLLAALHVYFSRSGQRDEWVVGLPILNRCGARFKGTLGLFTQVSAMRMG,,(S)-3-hydroxydecanoic acid,OC(C[C@H](CCCCCCC)O)=O,LCFA,,,,,,,
BGC0002092,COND0002092-steA-00,Condensation_Starter,17..315,TFALTAAQRDIWLDQLSRGDSPLYNIGGYVELSGPLDPALLHSALESLVAANDALRIVLLADVGHDGLPLQGFAQSLPVAMPLHDLSGQPDSQAAARTLVAAQMAQAFVLSGHALFRFSLIRLDQQRHWLAAQAHHLIIDGWAFALLFKSVGDIYSALCRGEPPRVAAPSYVGFIEDDARYHQSLRYEVDQRYWLDKYRSLPEPLLIPRHRESHNAETAPSRIHVEAFPAVLHQRMKDCARQLGGSAFHVLLAALHVYFSRSGQRDEWVVGLPILNRCGARFKGTLGLFTQVSAMRMG,,(S)-3-hydroxydodecanoic acid,OC(C[C@H](CCCCCCCCC)O)=O,LCFA,,,,,,,
BGC0002102,COND0002102-pldC-00,Condensation_Starter,11..248,ALCTVRGDTNEQLLQRAFASSVAAHPSLRSRISPDGTELVLHPLDDGPPELVVRRAGSWDLDREMRSRLDRCGPLVRATLLRGAAEDTFILHVDHRICDGRSVVALLSAVWRTYAALGEGPMASSAHVADSYPAPIETRLGHHPEADVLAYAARRAEQAKRLPPVLLPYLGDPGVEAPEQGEIHVRTLRLTSDETTRLAGSARAAGISVQGLVAAALLIAVRRALEATDAPLSLALA,,,,,,,,,,,
BGC0002108,COND0002108-cip22-00,Condensation_Starter,6..298,VPLTSAQSGIWFAQQLDASNPIYNAGEYLEIHGPVDVSVFEAALRQVVAEAENLRVTFVETPDGPRQYVHPDPEWQLRVIDVSGEADPRAAAEAWMRADLARPQDPSVGPLFLFVLFRAAEDRWFWLHRYHHLLVDGFTVALVARRVAEVYTALLGGGTSDNPFGALDDLVGMDAAYRSSDAFEADRAWWAEKLAGRPEPVSLSAKEPTAARGLLRRTEYLNAGAAERLRDAAREAGVPWPCMMTAAVSVYLHRLTGAEEIVLGLPVTTRLGRAARGVPGMVSNVLPLRVPV,,(E)-3-(o-tolyl)acrylic acid,CC1=C(/C=C/C(O)=O)C=CC=C1,AR,,,,,,,
BGC0002109,COND0002109-QDJ74273.1-00,Condensation_Starter,7..301,RLPLTTAQSGIWFAQNLMPDNPVYSAGEYLEIHGAVDAALFEAALGRTVAETDALRVRLVEEDGRLWQVVDPDPAWSVHTADLRDEPDPDRAAEEWMRADLAEPVDPMRGPLFRFALFRVGDERHLWFHRYHHVVVDGYTVARIARRVAEVYTALVAGAEPGAGTFGRLPELIEDEAAYRASERYARDADFWARRLADRPEPVALSPRPPRPARGLVRRTSMLPRDETAALHELAREAGTAWPVLPIAATAAYLQRLTGVPEVVLGLPVTTRLGRTRMAVPGMVSNVLPLRIAV,,(E)-3-(2-((E)-prop-1-en-1-yl)phenyl)acrylic acid,OC(/C=C/C1=C(/C=C/C)C=CC=C1)=O,AR,,,,,,,
BGC0002147,COND0002147-AMK27_13910-00,Condensation_Starter,7..292,TLTAYQQDIWAANSLFPDLPQFNCFIADRFTGDVDVDLLKECLRRAADRHDAFQLRIDPEDGTPSQWAEHETFDIPTIDLSGTAAPRAACEAWIKDAFDVPFEVERRRLFTIAVLKEGEDTVHAYVKVHHIVADAWGLNLFMSQVRAEYDQVRRTGRFDDRPVPSYLDFAEEERRYRGSAGHEEDRAFFQEQLKDVAPAFFHRTAPAGSRGSARHSFRIERSLIERMREHGHSVFAFVASAFSVYLSRIHGSDEIVLGVPLMNRTTDGQKRTVGHFANTLPLRVN,,,,,,,,,,,
BGC0002158,COND0002158-MGG_07803-00,Condensation_Starter,152..445,SPLSKAQMALWFDYLQHPTSTHYFLTLKVELDKQPLSLDKIIQVIRGLGKQHAMLRTTFHVDTDTDDMSKSYMAVHDDSWDQEIHVLMNDAQLYEALRKPFQLSSESPVRWVVQMKLQPGSARSTYTVYAAGHHIGVDGASMSVLSNQLLEAVASEVEDQPDHSGPHYGDYIQRQARYLRSSAGAAAGRFWLSQLRHTQPFRWRMEPPEEINTPNYRQLDTWNFFPTAEIQEWGNLYKTSWFRVATSIVGLVTAAMAEPQAHHDHALMVAFGARPRGFENNVSHMANTMPVKF,,,,,,,,,,,
BGC0002324,COND0002324-JQX13_35820-00,Condensation_Starter,6..299,ARWPLSAAQHGIWLGQQFDLNSPVYNAGECIEIRGPVDPVLFEAAVRQAVGEAEALHSRFVSEGEGPTQVIEPRADWTLHVVDLSGTPDPWEAAQAWMREDLSRPVDLGRGPLFAEALFKAASDRFFWFQRVHHIAMDGFGFSLLARRVAELYTARVAGRPTTGGFGSLRAVLDEDAAYRAGPQYELDRDFWTKRFADRPSPVSLARPAPMSSSFVRQTRYLPPGTVERLQEAARQAGLSWPDLVLAATAAWLHRLTEAPEVVLGLPVMSRLGSAALRVPCMAMNIVPLRVPV,,"2,3-dihydroxybenzoate",OC(C1=CC=CC(O)=C1O)=O,AR,,,,,,,
BGC0002326,COND0002326-RBRH_RS08105-00,Condensation_Starter,8..296,TYALSTAQTEIWLAQQLHPDSPVYNIAQYTVIEGAIKQAVFEAALRQVIDEADTLRLHFIDSDDGLRQRIGSPAWSMPVLDLTSEADPQAAAQAWMRTDYQQPVNLMQGPLFCYALLKVAPAQWIWYQRYHHIMMDGYGQYLIAQRVAHVYSARCAGTALAACDFGSIRQLLESDAQYQTSAQRKKDEAYWLKHCAHWPGPATLASRAAPALQQRLRQTTYLATQWVDDYVLDAGRLAQFLSAAWAAYLYRMTGAQDVVFGCPVTARLGADWHIPGMVSNTVPLRFRF,,1H-pyrrole-2-carboxylic acid,O=C(C1=CC=CN1)O,AR,,,,,,,
BGC0002327,COND0002327-bolH-00,Condensation_Starter,8..300,AHPLSAAQTDLWIAHKLDPANPSYNTASYVEFHEPLEAAVFERALRQAIAETESLTTRFVEIDGVPSQIIGTLENWQLPVLDMSGDGDPLASAEAWMRADFMRATDLTRDPLFAYALLRVAPDRVLWYQRYHHLVADGVAASMILRRILEVYAALLAEAPLPDGAFKPLRLLLEDEAAYRESPQYERDRRFWLARFADRPQPVTLSNREAPAAAHHFLRRSGNLGRDALERLKANGVDCSWAQLLIAATAIYLHRLSGSEDIVLGLPVPARLGVARQVPCMAANVLPLRLAI,,,,,,,,,,,
BGC0002336,COND0002336-H9D14_RS10900-00,Condensation_Starter,8..300,AHPLSAAQTDLWIAHKLDPANPSYNTASYVEFHEPLEAAVFERALRQAIAETESLTTRFVEIDGVPSQIIGTLENWQLPVLDMSGDGDPLASAEAWMRADFMRATDLTRDPLFAYALLRVAPDRVLWYQRYHHLVADGVAASMILRRILEVYAALLAEAPLPDGAFKPLRLLLEDEAAYRESPQYERDRRFWLARFADRPQPVTLSNREAPAAAHHFLRRSGNLGRDALERLKANGVDCSWAQLLIAATAIYLHRLSGSEDIVLGLPVPARLGVARQVPCMAANVLPLRLAI,,,,,,,,,,,
BGC0002342,COND0002342-iso6-00,Condensation_Starter,677..950,EGSVTCNLCYGLRFDAAVDLERLSRAVQTVLGGQEALWYCLDVEHGTQTLRPVAERRVPIEQADVTRRSTEPGVIERLMAAQQQTPLAPESGVNVRVHLTRFEDGVTLFSLCVHHLVCDGWALVSLFERIAALYNGDTAMGANVPYSRWREHEARYRQGGQYAADQRFWKEAIGAIASYQRSHTYGELRHRGTIGGRPGARARRSLGEPLTALFKAQAKADGVTPFTALLAGFQVFLNRAYRTRLPVVGIPFANRTTRELKQAVGTCVNLLPL,,,,,,,,,,,
BGC0002351,COND0002351-thf1-00,Condensation_Starter,36..335,CYSLSSTQQSVWLDQQLSPDTPSYNIGVTVEIHGAVDFALFAAALRAVVAQHDALRLIFSEQAGHVTQRVDDTVQGALAFHDWRGEPQARDAALARITQLNRTPFTLYDQPLWSMEWFQLSDTHALWNSRYHHLICDGTSVGLIGQAVSAAYNQLLQGQSPTLDPELAQGYRDFVARDQAFLDSTRYTKARDYWLEQFPVLPAPLFQQGPRANVGEPVPSAQAIWTLGGERLERLSQWAKTQGATLSHSLSALLAYYFSRMTDQREQLVIGLPVHNRSNPLQKRTAGMFSSVLPLTVLV,,,,,,,,,,,
BGC0002359,COND0002359-FM076_21195-00,Condensation_Starter,8..308,GLPLTAAQTGMWFAQQLDPDNPCYRAAEAVEIQGPVDVGLLEQALRRTVAETEALRVRFVTTTDADGEEQVRQVVEPCEDWPLPLVDLRGEADPEAAAHAWMWKDLDRPVDPRRSRLFSFAVLRTGDARYLLYLAIHHIAMDGYAMTLFLPRLARIYTALEAGEPVPGPGLAPLARALDDEAGYHRSARAERDRAYWADQLATWGTAPSSPHWPRPARRFVRETGHLDPEAALGLRTLARGARTGLATAAMAALALYVHRLGGLDHDADGVVLDVTVTGRGGATRDVPCMLANVLPLRVA,,3-hydroxy-6-methylheptanoic acid,CC(C)CCC(CC(O)=O)O,MCFA,,,,,,,
BGC0002360,COND0002360-UEF20592.1-00,Condensation_Starter,8..300,WPLTAAQLGVWFAASLGPGGSVYNVGERVDIHGPVDPDILEKAHRIVLEEAEALRLSVTEGPDGPVQVLGTSQVSVRRLDFTTQKDPKAAAEAWMASDVQIAFDLARGPLYAPALLTVGPNFHILCSRYHHVSMDAWSSALITRRTAQVYSDMMADRPDSGIPLPSFRNLLESEGRYRESEEYEADRRYWIKRLRDVPDPVSLSDRPYRSPRKILRKRAVLSARLSDQLRSASAQLGVSWSVLAVAATAAYAGGVTGENVIPVGLPVSGRLSEVERNTPGMTVNVVPLHITV,,,,,,,,,,,
BGC0002367,COND0002367-SCAB_3321-00,Condensation_Starter,1..305,YTCGVYYDVPGPVDRALLARAVARTVDETEALRVRFHEVGETVRQAVDPSVQGELAYLEFGGAADPEAAARAWIDSDLATPVPVTGERLFRHTLLRLGPDRYWLHFRYHHILLDGYGQVLHCRRLLEVYTALAAGEQPSPSGFGTLREVLAEEDAYRRSARRERDGAYWQREFADLPDSTELGATVIDSGSHSDGSGSDSGSGSGSGSGSDEAAPALASGATGLAPSLPSATGRLSGTTAARVRELGGSRWSLPVIAAMVAHTHRVTGAHDVVVRVFMAARLSPRALATPAMLVNDVPLRIRVD,,(E)-dec-2-enoic acid,CCCCCCC/C=C/C(O)=O,LCFA,,,,,,,
BGC0002373,COND0002373-bnvO-00,Condensation_Starter,6..303,TSHSLLAAQTGIWMGQSLDPSSPAYLWGNYLELHGPIDVPLFQAVVARVVAESETLHARFVDGPDGPRQISVPPTDWTLPVVDVSDEPDPLRTVDAWVRDDLAAAPDLRDGHPFRQVLFRAAPDRFFWYQSYHHIVLDAYGSALINRRVADLYSALRAGAEVSPDNPFGSMAALLAEERSYLASPQHQADQEFWSERFADRPEQISLTRASAEPQNRFVRYRHEMTAAATRSLTEAAGAFGTRPSRLLIASTALYLSRLTGSRDVVLGLPVATRLDPEARRTPAMTANVVPLRVTVH,,,,,,,,,,,
BGC0002377,COND0002377-QBA57735.1-00,Condensation_Starter,6..304,TVLPLTAGQAGIWYAQSLSGANATFNAALYLDIEGAVDERLFVSAMRQVVIEAEALRARITDDGSGPVQVVEPVGDWSQQPVQVLDFTSAGEPWQEAEAWMWADAGTPLDMGAEPLYRFALLKVAGDRTLFYYRYHHVVMDAAGASLVAARVAEVYTRLVAGEDTAVGAFPPLRELIEDEAAYRRSAAFEADRDYWTARFADTPAVPSLGDRPTAMPHHQVRGGAQVPAGLAAEVRDVARAVGVGWPAAVLAALAAYTSRITGTSDVVVALSVAARASAAGRAVPGMVSNVIGVRMDV,,(E)-3-(2-((Z)-pent-1-en-1-yl)phenyl)acrylic acid,CCC/C=C\C1=CC=CC=C1/C=C/C(O)=O,AR,,,,,,,
BGC0002378,COND0002378-copA-00,Condensation_Starter,7..301,SLPLTAAQSGIWLAQRLRPANPLFNIAEYIDIHGEIDPALFESSLRRTVTEAETLRIRVVEEDGRAAQVVEECADWSMSFVDVSREGDPRACAESWMRAEMRRPVDPTNGPLFAFALFKVADDRYFWYQRYHHIVMDGLGLSLVGRRVAEIYTALAAGLPCPAPPFGSLTELLDDEAAYRASDRFARDRAYWMSRFADRPHAAGLAERTPALPERLERQTAFLDEATLAELRATAREAEVAWPAVLVAALAVYLHRMTGNRQVVLGLPVVARATGRARTIPGMMSGVLPFRLDL,,,,,,,,,,,
BGC0002379,COND0002379-PRtIB026_34660-00,Condensation_Starter,5..303,SFPLTCAQRDIWLDQISHGDSPLYNVGGYLEFDGTVDSGLLRRALAHLVALHDGLRTVLVREAGDDGVARQRFVAGLQVPLDEHDLRGQAEPFAAAQRLAKTLLQQPFALETGPLLRMALLHVGGGRSLLMLQAHHLILDGWGLEQLLHQLGQYYGLLEQGLALPDTAPSYRTFIEDDLAYQGSARQQRDLAYWQCRYPQLPDALLRPREQGLPPGATPSHALERSFDGDLLARMRQLADELQGSVAHVLLAALHVCCARAWQRDDWVVGLPVRNRGNARAKATLGMFVQVNALRMDF,,,,,,,,,,,
BGC0002384,COND0002384-QWM97319.1-00,Condensation_Starter,6..297,FALSAPQLEMWFAQELSPDNPYYDTRCYVDLRGPLDIERLRRALRATVSETDTLQLRFERGADGPSQRFAQAPELALAVVDLSAEADPVAAAQDWMRAATASAIDLDGETLGASAVLILGPQRHFWYQRYHHAIMDGYSVSLLTARAAELYDAYGRGETPPPARFGSVLEVIGEDRAYRGSERFGKDAEYWRRALDGAGERIGLDGRAPAASMGFHRASLPVDAQLTQALLEGERRSGTKWPQLLTAAAAAYCHRVAGRERMLFDFPVANRAKSNRDTPAMLANVLPLPLD,,,,,,,,,,,
BGC0002413,COND0002413-DJ58_4257-00,Condensation_Starter,15..323,ELPLIAAQPGIWFADQLSHQKNVFTVAHYIELVGPLDRILFSAAVRQGLAEADTLHARFYDSHDGPMQRIPLQLDAADMPELAWLDLSSRTDGRLVALTLMQDDTEADLPADSEDLLFRHWVIRVPDQQGKPVWFWYQRYHHLLLDGFSFTAVTRRIADIYTALLQQKPIGESPFSPFSDVVSEYLAYANSEMQQRDKQFWQQHTADLPAAISLSSINSPVRVEQTDHRVLRQRIDIDPALFGRLTQQGAEQRFVAADMTMALLLIYFARMSGEMRLSVGCPFMRRMGSAALSATGPVVNVLPLQVTL,,,,,,,,,,,
BGC0002414,COND0002414-JJO56_07700-00,Condensation_Starter,1..306,ELPLVAAQPGIWMADQIASQPNTFTVAHALELNGPVIPAHLSAAIRQGLAEADTVQARFGLNDLGEPVQWLPSAPGVAEIREPEWRDFCDPAQGEQAAWALMRADLAAPLPADGGQPLYRQVIMQVSAQPERWFWYQRFHHLMVDGFSFDALTRRIVTIYNALRAGDAPQASPFTPFAEVVAEYQAWDNSPASRQAAAFWRDHAGELPTPVSLAADVCTPAPAGTRTLQQQVTLPAAPFAALAEQRFGGKAQPAEIAMAALTVYLYRMSGESRLSVGFPFMRRMGSAALCACGPVVNVLPLQLTL,,"2,3-dihydroxybenzoate",OC(C1=CC=CC(O)=C1O)=O,AR,,,,,,,
BGC0002415,COND0002415-DSB67_23665-00,Condensation_Starter,10..306,WPLLGTQQGIWFAQQVMPNPEEFNVAHYVEIEGQVDTSVFRQAVAKGLNTADSLHCRYVEVEGVIKQQFIAVTALEDVLEVFDFSHLEQPKNAALEWMEKDLQTAIDIQGNVRRYRHCLIQIGSKQAPKWLWYQRYHHIDVDGFSFNAISQNITRHYNHMTLGTSEPEGFTPMAKVVAEHGQFIESEQYDKARYFWKEAGRSLPAPPSLTTGGTDKARFGVVKQHISLRGGDWLHAQGNNVLPSELAMALVFAYLHLHSGNDDVCVGFPFMRRMGSSAMSASGAVVNVLPLAFSVD,,"2,3-dihydroxybenzoate",OC(C1=CC=CC(O)=C1O)=O,AR,,,,,,,
BGC0002424,COND0002424-sacE-00,Condensation_Starter,1..266,ALPLTGAQTGVWLAQQLEPDNPVYNVAWYLELRGPVDHDRLAAAVRQTIGETGALHVRFTGDGQVPTPPTTDLTLLSFDSLADARAWMDDDMARLTDIATGPLFHHALLRIADDHVLWYQRYHHLVVDAYGCVLITRRAGELYEGATEPRPKPVQALVDADLAYRDSPDRDADRAFWHAKMADRPEPVRLVPRAAGQVREVIRRTVELPNPLTSRQVIAAVATYTHRVTGASDLVLAMPVTGRRDAVSRVTPGMASTVLPLRVTV,,,,,,,,,,,
BGC0002430,COND0002430-gauA-00,Condensation_Starter,10..305,LPATAAQRGVHIAEKLDGDAGAFHCGAVLELTGHVETDLLRRAVARAVADAETLRVRFTERDDRLLQHVLAPAAAQAEAALAEVDLSGARDPAAAADAWAADRLAAAPALVGGDPLVAHALLRLSPSRHRLVLTYHHVVLDGYGQSLHTARIAEVYTALAAGRTVPGATAGSLAALVEQDRAYEESARHEDDRAYWLERLAGADVPGPSRYRGAGPRVRSRGRLTEERTRPVVEAARVAGVPWTVLVIALVAAYRRAVGDRDEVLFGLPLTTRVGRAALTTPGMLANELPLRLAV,,,,,,,,,,,
BGC0002432,COND0002432-BRLA_c025650-00,Condensation_Starter,8..301,FSLTQPQQRIWYSELLFPNTGVSSISSITKLRGNINLSALQQALNTVIGLHDSLRIQLTSQNGFPQQYVEEHSDKEFECLDFSGVDGEAQALKWLDEHNRTPFELFHSELYTFTICKISDQEYWYNLKIHHIVCDGISANMFMNQVNKCYSQIANGEPLEIAANHAYFDFIQTEQDYEKSERYQKDKTYWVDKFSTLPEVIGFKSYNPFTQSTAGIRKNIILEDSLYHSLYDFCKQTNSSMLTVFMTAMYIYMHKKTAQNDVSIGTFYANRTTKKEKEMVGMFVSTVPTRVFV,,7-methyloctanoic acid,OC(CCCCCC(C)C)=O,MCFA,,,,,,,
BGC0002448,COND0002448-orf22-00,Condensation_Starter,7..302,AVYPLTTAQQRVWSAQKLDPTSPLYNISAYAEIRGPLERTVFERALRHVVEEAEALRVRFGEDGGQPWQALGPAPHRPLRFLDLSREDAPRRRAREMMTADLYEPIDLESGPLFFHTLFQVGADHFLWYMRMHHIALDGYGYNLVVQRVADCYTALTASQEIPPTPFAGLGELVRADADYLSSEDSDRDREYWCGQFTDGTGALNLPDRSPGLWPDSMRHSTRLDAGLFAEIQRAAREARVTWQATLTAAVAAYLRPFRSEADVILGFPVTARRADAARTTPGMVSNVLPLRLDV,,,,,,,,,,,
BGC0002466,COND0002466-CGZ69_03795-00,Condensation_Starter,13..302,TPVTGGQSGIWLAQQIEPDGSAFNVSFVLELCGVADLGRLASAVRQATEEAESLHVRVVADNGVPRQVPTRRPVDVPVIVVAGETDPRGAAEALMEADRDRPADLLDAPLFAQKLFVLADDRVLWYQRYHHIVADGTAIAQITRRAGDLYGGTEPTTAPDWSLARLVDADIAYRQSPQHEEDRAYWHARMADRPEPVRLVQRSSAPMSRRLRRTTELAPALVARLRSTAVQAGAKPSRLLVAAVAAYLHRVTGHQDIVLGLPVTARRDPQTRRTPGMVSNVLPLRVQVR,,,,,,,,,,,
BGC0002467,COND0002467-YWY_RS21605-00,Condensation_Starter,0..289,MPLTGAQTGIWLAQQLEPDNPMYNIAFRLDLRGRVDVGRLRQVAEQAVTETDCLHYRVTGTVGEPRLVPARLPVQVDLVDVRDADDPAAVADELMRQDRTQPVDLARPPLFRHVLLRLADDWVVWYQRYHHILIDAYGVGLLTMRAGALYTDPEAAGPAPAWEAVRLYEDDARYRSSEDFVADQRFWHQYLSGAGEPARLVPRGERAVRDGIRASVVLDERRSASVRSAAERAGVRPSRVMIAAVAAYLHRRTGAVDVTIGLPVTARLTEVQRAVPGMASNVVPLRLTV,,,,,,,,,,,
BGC0002473,COND0002473-B090_RS0102665-00,Condensation_Starter,7..296,APLTRAQHSMWKGHHHHGSYPFHTAEWLVIDGPLNRELFHQAIEFTLKEAKALHWRALEKDGRVYRIDDVDVRPPQFADLSHLDDQAILDWADCAVEPPFDLSAGHLYDYVFAHLDDNKYGLFFRAHHVALDGYAYGLMINRFLDYYQSLKNASALKNKAFDHFEKFLADEQRYLASPKAEQDLQFWRENFSHELAPKKRLKRKLKQPFYQGPRYEEVIDWETQQKMNALAAELKLPSAMVVMAVMMSYLVKQSGDSKQCFGVPMMSRLGTASMRIPCLVMNILPLRLA,,"2,3-dihydroxybenzoate",OC(C1=CC=CC(O)=C1O)=O,AR,,,,,,,
BGC0002491,COND0002491-TW75_20440-00,Condensation_Starter,1..293,SNWPLTAAQLGIWLGQAKQPTSTRYNTAEYVELNVPINAEDWLLTASRVLQSTTAINVRFIEHQGVPTTQLLSEAERVAKLGDYIDLSESDDAAFAAQQLLIKWQAQSYDLANGDLYRHVLIRLATNHYYWALGAHHIAMDGFSFALVSNRVIQAYEGAQVTADETQYQAVITEDSQYRQSKWYQQDRLYWHQQLQGLDNAAALTTQVLNTEADKEKVTTQLSATLLNQLEARANSVDANWSELLLTVVSAIVYQRTGVAKTIMGMPVANRMASKAANTPCMHMNIVPVPVD,,"2,3-dihydroxybenzoate",OC(C1=CC=CC(O)=C1O)=O,AR,,,,,,,
BGC0002492,COND0002492-MXAN_3643-00,Condensation_Starter,16..307,WPLSAAQHGIWVGQQFDLTSAIYNAGECIEIRGPLVVEHFESALRQAIDEAEALHARFVPGASGPVQFVQPRASWQLHVADVSHTPDPWAAAQIWMHEDLTRTVDLGQGPLFAEALFKAAPDRYFWFQRAHHIALDGFGFSLVARRVADLYTARVTGKPATNGFGSLRAVIDEDAAYQGGVQHAADHAFWVERFTHGPTPVTLAEPAPMTPRFVRQTRHLSPADLERMQAAAKQAGLTWPDLVLAATAAWLHQHTGAPEIVLGLPVMARLGSAAIRVPCMAMNIVPLRVPV,,"2,3-dihydroxybenzoate",OC(C1=CC=CC(O)=C1O)=O,AR,,,,,,,
BGC0002493,COND0002493-Pden_2387-00,Condensation_Starter,10..314,LPLTLAQMDFWEEFRFHPGEAVSTVAHAIELRGVADPEALAGAITATIAETDIMALRFGLGADGRPVQRVDPTQRPRLRHLDLSDRADAREHALALMQADVDTALDLLDQPIAAQWLIRLAEGHYLWFNRGHHIALDGYAMGLIERRCAQLYAALAKGADPGQPLRPLADYLNEETDYRASPRHAADGRHWAEVLAARPRPRVLCKGSEDYPAEALCAAHDLSALRPALMRQAQAVGMGWPDLLTVLCSAWAALHLRDGSAERLADDHGRIAMPVWLPYMSRMGSVAVSVPALVVNILPLDVTL,,"2,3-dihydroxybenzoate",OC(C1=CC=CC(O)=C1O)=O,AR,,,,,,,
BGC0002494,COND0002494-vibH-00,Condensation_Starter,3..281,AQKPFWQRHLAYPHINLDTVAHSLRLTGPLDTTLLLRALHLTVSEIDLFRARFSAQGELYWHPFSPPIDYQDLSIHLEAEPLAWRQIEQDLQRSSTLIDAPITSHQVYRLSHSEHLIYTRAHHIVLDGYGMMLFEQRLSQHYQSLLSGQTPTAAFKPYQSYLEEEAAYLTSHRYWQDKQFWQGYLREAPDLTLTSATYDPQLSHAVSLSYTLNSQLNHLLLKLANANQIGWPDALVALCALYLESAEPDAPWLWLPFMNRWGSVAANVPGLMVNSLPL,,"2,3-dihydroxybenzoate",OC(C1=CC=CC(O)=C1O)=O,AR,,,,,,,
BGC0002495,COND0002495-phbG-00,Condensation_Starter,0..299,MPLTQAQQYYWHEFSLHSEKVVSTVAHYLDIQGNVDQEALCKAITMVISETDVLSVRFKRLEEERLPLQQPNQAATPQLKFIDLQTQPDPFNTALQLMRADVESPLNLLTQLLSAQWLFKLSESHYLWYNRAHHILLDGFGIALIEHRCAHFYSYYLGKASADASFHSLSSYLTEEQEYGNSEQYKKDRLYWQNYLSSARFPTVDIARADYSTKHHYTSCALSGDIVTGLTHLSADTGIAWPDLLVVLSSIYLLHYFATQTQNGEYSMPLWLPYMNRRTRFRTNTPALMTNILPLLINT,,"2,3-dihydroxybenzoate",OC(C1=CC=CC(O)=C1O)=O,AR,,,,,,,
BGC0002518,COND0002518-GE543_00950-00,Condensation_Starter,6..307,ATFPLTAAQRDVWLDQISRGDSPLYNIGGYLQLSGAVDPATLHKALEQLVCAHEVLRTVLMPGAAEDGMPLQSYAARLPVSLPLHDVSGHPEPEQAARALINDNMRRPYGLDGSPLLDFCLIRLADDQHWLAGQAHHLILDGWGFGLLFKSLGELYSALMAGKDLELVAPGYSDFIADDARYQASQRYSLDRAYWLEKYRDLPEPLLVSRYHNRRANDPAPSHACVQPLPGNLHARMKQFAERHNASAFHVLLAVLHVYFTRTAQRDEWIVGLPLLNRSGARFKATLGHFAQVSAVRMAFD,,3-hydroxydecanoic acid,CCCCCCCC(O)CC(O)=O,LCFA,,,,,,,
BGC0002521,COND0002521-psoA-00,Condensation_Starter,4..303,ETFALTAAQRDIWLDQIGHGDSPLYNIGAYVELDGAVDVARLRRAVAHLVALHEGLRTVLLAPEGQDGVPRQYFAETLAVELHEHDLRAAAHPLTAARMLLDSCMRKPFLLGTGGLWAAQLIRLGEQRYLLALQAHHLILDGWGVDLWFKRVADYYGLLGEGEPLPDSAPGYREFIIDDSQYQASARHGRDRDYWLGKYQQLPDALLAPRERGQLTAGEPSAALDLPFDEQLLAGMNALGSELQASAFHVLLAAVHVCCTRTWQCDQWVVGVPVRNRASARFKSTLGLFTQVSALRMDF,,,,,,,,,,,
BGC0002522,COND0002522-pdmA-00,Condensation_Starter,4..308,QSFPLTAAQRDIWLDQLSRGDSPLYNIGGYVELSGPFSAQLMQQALELLVRKHDALRTVLLLDAGPAGLPMQTFAETMAVPMPLDDLSTRPEPWAAAQALMQQRMEQPYRFDGGPLFRFFLVRLDERHHLLGTQAHHLILDGWGFGQMLQSLGGIYSALQRGRRPELSAPSYIDFIRDDARYHDSPRYIRDRAYWQDKYRSLPEPLLMPRHRERFARDAASGGTPGNNLVQPFPAALHERMKQLAKTWQASAFHVLLAALYVYFSRTAQRTEWVVGLPILNRSNARFKNTLGLFAQVSAVRFDF,,(R)-3-hydroxydecanoic acid,CCCCCCC[C@@H](O)CC(O)=O,LCFA,,,,,,,
BGC0002528,COND0002528-AvCA_21160-00,Condensation_Starter,5..300,SRLPATTAQFSIWVAQQAVPDSPAYLTAETIELLGAVDRAALSDTVVEVLNNCHSLHMRFVHEEGRLWQLPQPPACPPLALHDFRREPDPAAAAQAWIDRELSRTLDPSRDVLYRSALLQLGDQHHLWYLQAHHVTLDGYAYGLVCQTIAERYSARVRQSELPPLPDWSMARVVQAEQDYRAKGLFERDKQFWLQQLRDVPAPATIAEAAEFPEQVIRSETRLQRDQVAMLQEAARACGQDWGNWVLAAIGLWLGRQSGQQALTFALPAMNRLGTPALGVPCMAMNIVPLSLRID,,,,,,,,,,,
BGC0002528,COND0002528-AvCA_21190-00,Condensation_Starter,16..312,RLPLSAAQLGIWLGQRLDPLSPAYWTAEAVELRGALDEAAFERALEQAVEASEALHMRFEAEGDDIWQRPDRTAWTLRRIDLSATESSAGQAWDRAWQWIRNDLRSLPDLANGPLFGMALLRLAADHHLWLLRVHHIALDGYGYALLIRRVAELYEAERQGTAMTRLPSAAGLAEVVDEARAYQRQAQRNRDFWVARLLDAPPPVTLAPGAALARDVRRRRALLPARALADWQRAAGACGVDWAAWLLAAIGGWLARRTAAPEVCLGLPVMTRLGSRALNVPCMAMNIVPLRLPVD,,,,,,,,,,,
BGC0002529,COND0002529-AvCA_09680-00,Condensation_Starter,5..292,RSYRLLAAQEGFYYGHELRDNKADFNVAEYVVIEGEFDVDRFYQANKSVLADIETLSFVFRSHDGHGRQQHLPRPVKLELVDLRGLSTGFEIALSQMTVDSAKPFDITNDVLYRQCLYRISDSCQLWYFCSHHLVLDAFAMLQVLSRVAKAYRSVGAVVIDRTASNFSAVVSAEDAYLESATYALNYDYWQHQVSLLPEPTSLSPKPQHAGECLRFSCEEPVPTGWFGLMAEKVDWPSRLITSLLVYLWMMSGNRRQVIGIPMLARKAPAEWAVPACRVNVLPLSVE,,"2,3-dihydroxybenzoate",OC(C1=CC=CC(O)=C1O)=O,AR,,,,,,,
BGC0002548,COND0002548-banA-00,Condensation_Starter,17..315,TFPLTTAQRDIWLDQLRQGDSPLYNIGGYVDLTGPLDPALMQRALEGLVARHDAMRTILLPGAGEHGLPLQRFAPALPAPMQVHDVSAQPDPQSAARQLIQARIEQPFILDGGPLFRLTLVRLDSQHHWLSILAHHLITDGWGFGEMLKSLDEIYNALADGQPSPDSAPSYVDFIHDDARYYQSARYAHDRDYWLDKYRSLPEPLLLPRYQERFVREAAPTRIFSTAFSAQLHERMKHVARESGASAFHVLLAALHVYFSRTAQRDEWVVGVPLLNRSGARFKSTLGLFTQVSAVRMG,,3-hydroxydecanoic acid,CCCCCCCC(CC(O)=O)O,LCFA,,,,,,,
BGC0002548,COND0002548-banA-00,Condensation_Starter,17..315,TFPLTTAQRDIWLDQLRQGDSPLYNIGGYVDLTGPLDPALMQRALEGLVARHDAMRTILLPGAGEHGLPLQRFAPALPAPMQVHDVSAQPDPQSAARQLIQARIEQPFILDGGPLFRLTLVRLDSQHHWLSILAHHLITDGWGFGEMLKSLDEIYNALADGQPSPDSAPSYVDFIHDDARYYQSARYAHDRDYWLDKYRSLPEPLLLPRYQERFVREAAPTRIFSTAFSAQLHERMKHVARESGASAFHVLLAALHVYFSRTAQRDEWVVGVPLLNRSGARFKSTLGLFTQVSAVRMG,,(Z)-3-hydroxydodec-4-enoic acid,CCCCCCC/C=C\C(CC(O)=O)O,LCFA,,,,,,,
BGC0002548,COND0002548-banA-00,Condensation_Starter,17..315,TFPLTTAQRDIWLDQLRQGDSPLYNIGGYVDLTGPLDPALMQRALEGLVARHDAMRTILLPGAGEHGLPLQRFAPALPAPMQVHDVSAQPDPQSAARQLIQARIEQPFILDGGPLFRLTLVRLDSQHHWLSILAHHLITDGWGFGEMLKSLDEIYNALADGQPSPDSAPSYVDFIHDDARYYQSARYAHDRDYWLDKYRSLPEPLLLPRYQERFVREAAPTRIFSTAFSAQLHERMKHVARESGASAFHVLLAALHVYFSRTAQRDEWVVGVPLLNRSGARFKSTLGLFTQVSAVRMG,,3-hydroxydodecanoic acid,CCCCCCCCCC(CC(O)=O)O,LCFA,,,,,,,
BGC0002564,COND0002564-FNZ07_17560-00,Condensation_Starter,9..309,VHPLTAVQREIWFDQAVHGNAPIYKIGGYAQIDGPIDAARFERAVNLLVQAHDTLRLVLVPGRDEDGVPQQAIAKAVTVRVPLHDFSSAADPHAAARAWAAQRLATPFPLNGEPLFCFELAKLGDACFCLVLNFHHLIVDGWAIELLTGSLAEIYSALEANEVPTLDTPSYVEFIEHDLALRTSPQFERHRAYWLDKYRSVPDPLFEPRYRERFNGLTAPAGYHTLALPRAFYERIIALARNCESTPFHVMLGVLYVYFSRTAQRDDFAVGVPVLNRPTARMKLTAGMFTGVSPVRLQFD,,(R)-3-hydroxydecanoic acid,CCCCCCC[C@H](CC(O)=O)O,LCFA,,,,,,,
BGC0002564,COND0002564-FNZ07_17560-00,Condensation_Starter,9..309,VHPLTAVQREIWFDQAVHGNAPIYKIGGYAQIDGPIDAARFERAVNLLVQAHDTLRLVLVPGRDEDGVPQQAIAKAVTVRVPLHDFSSAADPHAAARAWAAQRLATPFPLNGEPLFCFELAKLGDACFCLVLNFHHLIVDGWAIELLTGSLAEIYSALEANEVPTLDTPSYVEFIEHDLALRTSPQFERHRAYWLDKYRSVPDPLFEPRYRERFNGLTAPAGYHTLALPRAFYERIIALARNCESTPFHVMLGVLYVYFSRTAQRDDFAVGVPVLNRPTARMKLTAGMFTGVSPVRLQFD,,(R)-3-hydroxydodecanoic acid,CCCCCCCCC[C@H](CC(O)=O)O,LCFA,,,,,,,
BGC0002564,COND0002564-FNZ07_17560-00,Condensation_Starter,9..309,VHPLTAVQREIWFDQAVHGNAPIYKIGGYAQIDGPIDAARFERAVNLLVQAHDTLRLVLVPGRDEDGVPQQAIAKAVTVRVPLHDFSSAADPHAAARAWAAQRLATPFPLNGEPLFCFELAKLGDACFCLVLNFHHLIVDGWAIELLTGSLAEIYSALEANEVPTLDTPSYVEFIEHDLALRTSPQFERHRAYWLDKYRSVPDPLFEPRYRERFNGLTAPAGYHTLALPRAFYERIIALARNCESTPFHVMLGVLYVYFSRTAQRDDFAVGVPVLNRPTARMKLTAGMFTGVSPVRLQFD,,(R)-3-hydroxytetradecanoic acid,CCCCCCCCCCC[C@H](CC(O)=O)O,LCFA,,,,,,,
BGC0002581,COND0002581-QKF54435.2-00,Condensation_Starter,8..300,WPLTAAQLGVWFAASLGPGGSVYNVGERVDIHGPVDPDILEKAHRIVLEEAEALRLSVTEGPDGPVQVLGTSQVSVRRLDFTTQKDPKAAAEAWMASDVQIAFDLARGPLYAPALLTVGPNFHILCSRYHHVSMDAWSSALITRRTAQVYSDMMADRPDSGIPLPSFRNLLESEGRYRESEEYEADRRYWIKRLRDVPDPVSLSDRPYRSPRKILRKRAVLSARLSDQLRSASAQLGVSWSVLAVAATAAYAGGVTGENVIPVGLPVSGRLSEVERNTPGMTVNVVPLHITV,,,,,,,,,Probably delete as this is a weird Starter doamin,,
BGC0002590,COND0002590-DBP21_21655-00,Condensation_Starter,7..304,GLPLTAGQKDIWFDEKLSGGGATYNTAIYWDIRGPLDQDLFRAALERLVEESECLRARFTEVDGEPRQFIEPLARLPLTVTDVSGAEDPAAAAREAIAADLGVPLSLTATPHVPLFRLSVFTLAEDRTFFCLLNHHLVSDGFSYVIYWQRLSAIYEAMLAGSTLDEGRFSPLRTLVDAEAAYADSPRAERDRAYWEKQFADRPELVTLAGRDAEPAQAFLREETVLPQHVVDGLRRVAWESRVTWQTVLVAALGAYTGRMAATEDVLLSLPVTARAGGTMQGIPGMVVNYLPLRIEV,,"(2Z,4E,6E)-octa-2,4,6-trienoic acid",C/C=C/C=C/C=C\C(O)=O,MCFA,"2,4-diaminobutryate",NC(CN)C(O)=O,,,,,
BGC0002637,COND0002637-DMH18_08095-00,Condensation_Starter,7..304,TAPLTDCQEGTWLAQRAENPPRPYDIRQYADVLGPLDTDVFRRALRQAVAETEALRLRFTWDGGVPAQAIGEAVGDSALRIVDLGAEGEPWEAAQALMRADGRHPADPAEGGLAGLSSYILFKLAPDRYLWYQRHHQLLVDHYGSTLLARRVAALYTAILRGEPYSPPGHAPLRELWEQETAYRESPQCAADRRYWHEHFADRPEPATVPGHRSASRDAHPHASGRLSGAGREALRTAADRTGTSRGALVVAALATFVCRTTGADEALLSFPVDGRTGSAARRTPCATANVLPLRLP,,,,,,,,,No fatty acid added. Potentially catalytically inactive,,
BGC0002638,COND0002638-DMH02_027320-00,Condensation_Starter,6..301,STLPLSECQEGIWLAQRIESSRGLYHIGQHIEILGPVDTRVFELALRRAVEETDILRVRFVEDSAGRVSQWIGPPPEWNMPVVDLSGEKNPWQAAGTWMRGELGRVNDPTEGGLFAHALFTLAADRHVWYQRYNHLLMDGFACSLMGRRVADLYTAMLRGAPLRAPGYAPLGELLAQESAYRASEQCARDRRYWHDRFADRPDPAAVPGHRPAAAPGGVVRATGHLPPPVVAALHAAAAGAKVSWPRFLVAAVAAFTSRMTGADEAVLSIPVAGRTSAQARRTPCTMANMLPFRL,,malonic acid,O=C(O)CC(O)=O,SCFA,(S)-2-amino-2-(3-chloro-4-hydroxyphenyl)acetic acid,ClC1=CC([C@@H](C(O)=O)N)=CC=C1O,,,,,
BGC0002653,COND0002653-BS614_29910-00,Condensation_Starter,6..299,KQYGLTQAQRRIWFMEIMNPGTSITMLSATYQITGEIDTKLLEQAAAEIVKTYDAFRIRISGDMQNPTQWFEELENVQARISHLEIGTTEQFYAWVKEVTEKPASVFDEHLYQFTMIHFANGQVWLNLTLNHIIADGLSVTALLHAVMEKYLELRNGIFSSYQAPSYLDYISTEYEYEQSQRYQKGKEYWLTKYKTLPETSGIKSVPPFSIGSESNKRSITLDGSRYDRILAFSEQYQVSLYTLFLSAMYVLLYKLTDSTDVPVGTVFANRTSKKEKETIGMFVSTVATRISL,,(S)-6-methyloctanoic acid,CC[C@H](C)CCCCC(O)=O,MCFA,"2,4-diaminobutryate",N[C@@H](CCN)C(O)=O,,,,,
BGC0002654,COND0002654-UHJ79953.1-00,Condensation_Starter,6..299,RRFPLTLAQQDIYFDQLKRGDSPLYNVGGYVQFGVIDVSRLQAAHTAVVASNAAFGLRVERTTHNVQQHVVAARTLSLPLLDVSADPDPDRAADMVLAEAFARPFDLEGEELFRAFLIKTGLQRYRYAGLTHHVIMDGWGFSNWAAQLSRRYAGEAAAVTSEEDLEQLARSDAEYVDSIEHERDRAYWLAQEVHQVDRLLVPHYRASFKDPGDLRSRRISVSLAKSEVAALAALAQSRLTSTPSVLLGAAAISFAATYAKRELLVGLAVHNRRNRRQKEMLGAFAGIRPMRIA,,3-hydroxytetradecanoic acid,CCCCCCCCCCCC(O)CC(O)=O,LCFA,Alanine,N[C@@H](C)C(O)=O,,,,,
BGC0002660,COND0002660-SAMN04488128_1011792-00,Condensation_Starter,5..295,TPLHPAQRDILMDLLINAENSTYNVGGVTRLTGPLHKETFIAAAETLPVVFDVFRMRFDLGEQAPQAYLDDTFNRQEVICMDFTGASPAAVEKWIRERLEIPFVLQKENALCEQYLLSISPEEHYYFSKYHHLINDGYGLAATYQYVARKYQSLLQGTTLEWSPVSYVAAAGEALAYQQSPAYQEDAAYWREKIDKKPAQLLERRYANTNTHPRQCRTFVLEFTAAEKAALVDLQQTTQANLLRLTLAALTIYFARTTEHAAFAFGTPVHRRRDTSLQQIAGMFSGITPF,,isobutyric acid,OC(C(C)C)=O,SCFA,Histidine,N[C@H](CC1=CN=CN1)C(O)=O,,,2-phenylacetic acid,OC(CC1=CC=CC=C1)=O,second donor
BGC0002661,COND0002661-tsk10-00,Condensation_Starter,9..302,RHPLTGPQLGAYYGHELDRLKSTYNQASYLEITGPLRAGLLETALRRAVAETDALRMRFAADATGPVQYPYEPEPFPFPVLDLTDRDDPRAEAEAWMRAELARPVDLATGPTHAQALFRIGPDRHLWYQRYHHLVLDGYGVWLLTRRTAELYDALLSGADSAGTPLRPLTDLLDEYTAYLGSDTCARDRAHWHRRLAERPAPVRLGGRSAPAGPEYILHRTGADASVTRGLHALAERLGQRWTRPAVAAVAAHVHTETGRRDLLLTLPVTGRTAPAAREVPGMLATMQPLLLD,,isobutyric acid,OC(C(C)C)=O,SCFA,(3R)-hydroxyphenylalanine,N[C@@H]([C@H](O)C1=CC=CC=C1)C(O)=O,,,Other donors are possible,,
BGC0002666,COND0002666-lgnD-00,Condensation_Starter,6..292,YPLSAHQRDIWFSDALMPESPQYSIVLREKFSGDLDLEALKAAVEYVLAHNDAFRIRIDSADGEPHQWLEPGEPELAVLDFRAESDPEAACLAWADERRTVRLPVPGERLYDAVLLRASDTKVYFQLTAHHLISDGWSLSETRKQVRDRYTETVRGEAAAGPAVPSFVDCIDADTRYRASESFAQDRQFLASALSGAEPRLFARKKPTAPLGHRTSFVIEGKVIDRILANGNSPFSVIAAAFGTCLARAHQADEVTLGVAMLNRHSAEERQALGVFANVLPLRVAA,,3-methylbutanoic acid,OC(CC(C)C)=O,SCFA,Threonine,O=C(O)[C@@H](N)[C@H](O)C,,,,,
BGC0002676,COND0002676-KZO11_19525-00,Condensation_Starter,6..301,VRLPLTPAQSGIWYAQRIDSSHTVYNIAEYLDIHGPVDPYLFESALRRVVGETDALRVRFVENGEHPEQLVLPAVDFTVPVHDLTGEPDPLGSARALMDEDNTLPIDLFGERLFAFALFRVAEDRWLWYHRVHHILLDGAGVAMLAPRVSEVYSALTAGSPVPDSPFRPLRELVAAEQDYAGSEAYAADRAYWTERLAGAQDAVSLSGGRQHLPRKVIRRSEVLDAAEAEAIRDIAREAGVGWPTVVVAALALYVQRLTGTDEVVIGLPAAARPGRTLRAVPGSVSNLLPLRLRV,,(E)-3-(2-((Z)-prop-1-en-1-yl)phenyl)acrylic acid,OC(/C=C/C1=CC=CC=C1/C=C\C)=O,AR,Threonine,O=C(O)[C@@H](N)[C@H](O)C,,,an alternate could be ,,
BGC0002680,COND0002680-CV_2233-00,Condensation_Starter,31..337,RELPLSGSQLGIWLADQIAEQKNTYTVAHCVALDGAIDAERLRQSIRLGLAEADTVVGHYLETPDGPVLRLPRGLRAEDLPLAGIQDLSAESDPEARARQWMRDDLAAGLAADGERPLYLHRLFKLAGGAGERWFWYQRYHHVCVDGYSFAALTRRIADIYQALGRGEAPPPSPFVSFAAVAAEREAYLASPRCEEDRAFWRGYAAALPPPSTLSARDALAGDGAANVDVLRRRFELIGGDARALGGLAAGLGAPQLAMAAAFAYLAKMTGKARVAMGMPFMRRMGSAALRATGPVVNVLPVALDV,,,,,,,,,No structure of compound determined,,
BGC0002685,COND0002685-ROTMU0001_0989-00,Condensation_Starter,34..368,LPLTTNARGIYFAAAIDPTNPCYNTAEVLQCPADTDLALLREAFEQLYRENEGFRVRTRIADGAASQQILTEEAFLAGIDLLVDDGELDGGELEEGELSGTAEAGEENASDLPESALPDSDLPAPVRSWAQRLLAQPLATDEGVTVRSAVARYGGFLWVYHSFSHVVADGFAAFNGLSRVAAIYRALSAGQPVPATRRMSLQQLLDADDAASDARDEDVAFWEASGALEQEDTSLAGRTASPSAQSVRLAFSIDVPTQQALLDAAKQHAVSWPVLATAAVGSYLARVGGYPQASFGVPQMNRMFARTLPEATRALGTASAQTGCTAVNVLPVQV,,"2,3-dihydroxybenzoic acid",O=C(O)C1=C(O)C(O)=CC=C1,AR,Serine,N[C@H](C(O)=O)CO,,,,,
BGC0002688,COND0002688-EV45_RS28710-00,Condensation_Starter,3..296,EAFPLTGAQAGIWFAQRLDPANPVYNTADRVDIRGPVDPVLFERALLRCLAEAEPLRLHFTEEPAQYLPASDCLRDMVTVLDLGGEPDPEATAEAWMRADLGTPVDPADPSTGSMVRNALIRLADDHFVWYLRVHHLLIDAYALSMLVSRVAEIYGALAEGLPPGASPFGGLLPVLEEESAYLASERRDRDRAYWLDRMAGAPEPAGLAGVPAMSAREVVRRREALPPVGHWDALARETRATWAEVAAAGLAVYLSRLTGTTDVLVGLPLMNRSGAALRVPCLTVNVVPLRLD,,"2,3-dihydroxybenzoic acid",O=C(O)C1=C(O)C(O)=CC=C1,AR,Arginine,N[C@@H](C(O)=O)CCC/N=C(N)\N,,,,,
BGC0002695,COND0002695-HOO54_19915-00,Condensation_Starter,8..299,KRLTGAQAGIWFAQQLDPENPIYNTGEYVEIHGSIDPQLFETALRHVIAEADSLHARFGEDGDGPWQVIDLSKDFPLHVIDVSSELEPQKAAEAWMKSDLATPIDLTQGPLFTEALFKVAPDVYLWYQRIHHIATDGFSFTLIAEQLSKVYTALVHQLPVEEGTFGSLDSILEVDTAYRDSNQYKQDRQFWLDRFRDQPEVVSLADRASRTSNRFIRQSLSLNSTEHLMSLAAKLGAGWHELVIATAAVYVHRLTGARDVVLGLPMMCRLGSASLNVPGMVMNVLPLRLAV,,"2,3-dihydroxybenzoic acid",O=C(O)C1=C(O)C(O)=CC=C1,AR,Glycine,OC(CN)=O,,,,,
BGC0002696,COND0002696-AWH04_05480-00,Condensation_Starter,22..323,ATFALTGAQLGIWNAQRLDPESRSYLVGEVLEISGDEPIDTELLTAAITATIGEAETMRLRMIETADGPRQYISDEPVGIIPITDVRDERDPVAVAHALVDAERSRASEYCRLMVERPLYTYSLIRLSDREIWCIQLYHHLIVDGYSAAMISRRVAAHYTAAKKGTEVAPTRFGSMTDLVSEDEAYRAGEQFAEDRDYWRDVLTPLPALDGRGQQVTGPAERTIQVREVITADALSCLKEVADATGTTWAEALIACYGAFLHRLLGETDVVIAMPLMARVGRTALKTPAMAVNVLPLRLTI,,"2,3-dihydroxybenzoic acid",O=C(O)C1=C(O)C(O)=CC=C1,AR,Arginine,N[C@@H](C(O)=O)CCC/N=C(N)\N,,,,,catalyzes N- and guanadine acylation
BGC0002697,COND0002697-SCATT_32630-00,Condensation_Starter,0..269,MAHALFPELPQFNLFLARRFTGPVDAARLAQCLREAAGRNDAFGLRFTERDGVPLQRAVADRPAVEVVDLSGAADPRARCEGWIAEAYDRPFPLADGPAYRLAVLVESDTAVHACVVAHHIVADAWALNLFFEQVAAGYAGEPGPEPADYLAVLDDERGYRESERYERDREHFRTVLREITPPLFTRRADSGRRRSARHSFTLPKDAVERIRARGRSPFAFIAAAFAVYLSRVHRTDDVVLGVPLFNRRGQAQRRTVGHFANTLPLPVR,,"(2E,4E,6E)-deca-2,4,6-trienoic acid",O=C(O)/C=C/C=C/C=C/CCC,LCFA,Serine,N[C@H](C(O)=O)CO,,,,,
BGC0002714,COND0002714-PluTT01m_09655-00,Condensation_Starter,7..306,YYPLTAAQQEIWLAEQLNVSTGIYNTGCYIDISGAIDIETLNTALSQLIDEAECLRVVVVQHPQGPQQQIVTNLQWKCPLIDLSHHEDALIEAETWMNAELVRPMALTLGPLFGLALLKISDEHYFLFIRVHHLASDAFGTTLLIQRLAELYTQKLTGAAELENPFGPLSDLLAFDEEYRRSENFQHDRQWWSQYMVGRSEPQSLAVGAKPGQFADLGSFSCTPCEIPAKVKDILRTLSEESGSSMAQIIIAIVASWISRMTDKQDITLGMPVTARSGRALRSIPGMISNVLPLRLTID,,"(2E,4E)-dodeca-2,4-dienoic acid",CCCCCCC/C=C/C=C/C(O)=O,LCFA,Threonine,O=C(O)[C@@H](N)[C@H](O)C,,,"(2Z,4E)-11-methyldodeca-2,4-dienoic acid",OC(/C=C\C=C\CCCCCC(C)C)=O,second donor
BGC0002719,COND0002719-G7W60_10810-00,Condensation_Starter,6..313,FSLSSTQQSVWFDQLLSPDTPSYNIGVTVQIDGAVDPAIFAAALKWVITQYDALRLIFSESEGQAQQQVVAALEAPFTFHDLRAAPDAPAQALATLTQLNRTPFVLYGRPLWSMEWFQLSDTQALWNARYHHLICDGTSVGLIGQAVSATYNQMLRGEQPVIDPELAQGYQAFVAKDRAYLGSARYAKARDYWLEQFSTLPAPLFQSPVSPATQGQAQPNLTAPVPSAQAVWTLGASRLELLSQWAKTQGATLSHCLSALLAGYFSRMTDGREQLVIGLPVHNRGDALQKRTVGMFSSVLPLAVRVD,,(R)-3-hydroxydecanoic acid,CCCCCCC[C@@H](O)CC(O)=O,LCFA,valine,N[C@@H](C(O)=O)C(C)C,,,,,
BGC0002735,COND0002735-ABB07_39195-00,Condensation_Starter,2..288,DVDGELDAAVIRSAFLHVMAEAEVLRVNFADDGGGLRLIPRELGDWQPFSLDLSAEADPEQAAREALADLVRRPFDLERDLLFRLGVVKLAPARSLLVIAYHHLISDGFGAGGLLSKRLAEVYTALVRGERVPELPHSWDAESFATEATEYLASPKFTEDSEFWRQYLTDAPPPAQVPRVALSDAQRSALSEPLSSADRWSEVAETIGMVSRTLTVPRAEADVWTDTAQSMGLWMSQMLTAATAVYLRHRCDRPEFLLSLAVGNRVGVASRTPGLAVNVVPVRVRI,,"2-((3R,5R)-3,5-dimethyl-2,6-dioxabicyclo[2.2.2]octan-1-yl)propanoic acid",O=C(O)C(C12CCC([C@H](O2)C)[C@H](O1)C)C,LCFA,3-hydroxy-leucine,CC([C@@H]([C@H](N)C(O)=O)O)C,,,,,